name,category,description,retail_price,bulk_price,bulk_min_qty
C15-25-1 80*80 Thermal Receipt Paper Roll,accessories,Standard 80x80mm thermal paper roll for POS cash registers and receipt printers. Smooth coating ensures clear smudge-free prints.,35,12,50
C15-25-2 57*40 Thermal Receipt Paper Roll,accessories,Compact 57x40mm thermal roll compatible with most portable and countertop receipt printers. High-sensitivity coating for crisp print quality.,7,2.5,400
C15-25-3 50m x 4.5cm Clear Packaging Tape,accessories,Strong 50-metre clear adhesive tape ideal for sealing boxes and parcels. Reliable adhesion on cardboard and plastic surfaces.,18,6,72
C15-25-4 100m x 4.5cm Clear Packaging Tape,accessories,Heavy-duty 100-metre clear packaging tape for high-volume packing and shipping. Long roll reduces roll changes on busy packing lines.,28,10,72
C15-25-5 200m x 4.5cm Clear Packaging Tape,accessories,Wide-core 200-metre clear tape offering extra bonding strength for heavy cartons. Suitable for industrial and retail packaging use.,45,16.5,60
C15-25-6 300m x 4.5cm Clear Packaging Tape,accessories,Extended 300-metre tape roll for warehouses and fulfilment centres. Excellent tensile strength and temperature-resistant adhesive.,65,24,24
C15-25-7 Mouse & Rat Glue Trap Board 70g,household,Powerful 70g adhesive glue board traps mice and rats without poison. Safe for use in kitchens storerooms and food-handling areas.,10,3.5,50
C15-25-8 C·T Large Mosquito Coil,household,Large-format mosquito coil that burns for up to 8 hours producing low-smoke repellent. Effective against mosquitoes in open and semi-open spaces.,20,7,60
C15-25-9 C·T Small Mosquito Coil,household,Compact mosquito coil ideal for smaller rooms and travel use. Burns steadily for 6-7 hours with minimal smoke and effective repellent action.,18,6.5,60
C15-25-10 Paper Mosquito Coil,household,Plant-fibre mosquito coil with a natural low-smoke formula. Each coil provides approximately 7 hours of continuous mosquito protection.,20,7,60
C15-25-11 Mosquito Coil Tray (Plastic),household,Lightweight plastic mosquito coil holder with ventilated top cover. Keeps coils stable and catches ash safely for indoor and outdoor use.,8,3,200
C15-25-12 Mosquito Coil Tray (Metal Decorative),household,Ornate metal coil tray with decorative cut-out pattern and hinged lid. Stylish ash catcher suitable for home and patio use.,20,7,200
C15-25-13 Blue Toilet Bubble Cleaner 4-Pack,household,Pack of 4 blue toilet cistern blocks that fizz with every flush preventing limescale and leaving a fresh scent. Lasts up to 4-6 weeks per block.,20,7,240
C15-25-14 Blue Toilet Bubble Cleaner 2-Pack,household,Twin-pack toilet cistern cleaner blocks for continuous freshness and stain prevention. Easy drop-in installation with no mess or tools required.,10,3.5,240
C15-25-15 Fly Glue Board,household,Large sticky fly glue board traps houseflies gnats and flying insects without chemicals. Ideal for kitchens restaurants and food stores.,5,2,1000
C15-25-16 Cockroach Killing Bait Powder,household,Green Killer cockroach bait powder that attracts and eliminates cockroaches within 24-72 hours. Safe to use in cracks corners and behind appliances.,110,40,1000
C15-25-17 Ant Killing Bait Powder,household,Green Tree ant killing bait powder that worker ants carry back to the colony eliminating the nest. Effective indoors and outdoors on all common ant species.,110,40,2000
C15-25-18 Camphor Pearl Balls 100g,household,100g pack of scented camphor balls that repel moths silverfish and musty odours in wardrobes and storage boxes. Long-lasting formula.,14,5,150
C15-25-19 Foam Double-Sided Mounting Tape 7.8cm,accessories,Strong double-sided foam mounting tape for attaching pictures mirrors and decorations to walls without drilling. Removable and residue-free on most surfaces.,10,3.5,576
C15-25-20 Foam Double-Sided Mounting Tape 2pc 9.2cm,accessories,Two-roll set of wide foam mounting tape for a strong permanent bond on heavier items. Suitable for tiles glass wood and painted walls.,18,6.5,288
C15-25-21 Masking Tape 20m x 4.5cm,accessories,20-metre masking tape for clean paint lines crafts and surface protection. Easy to tear by hand and leaves no residue on most surfaces.,25,9,72
C15-25-22 Masking Tape 20m x 2.4cm Narrow,accessories,Narrow 20-metre masking tape for detail painting labelling and light bundling. Clean removal without tearing or damaging painted surfaces.,13,4.8,144
C15-25-23 Nano Double-Sided Tape 3m x 1.8cm,accessories,Nano-technology washable mounting tape with strong grip that can be reused by rinsing with water. Holds up to 1kg on smooth surfaces.,20,6.8,288
C15-25-24 Nano Double-Sided Mounting Tape 3m x 3cm,accessories,Wider nano double-sided mounting tape in resealable bag for heavier mounting tasks. Washable and repositionable on glass tiles and metal.,25,9,200
C15-25-25 6-Piece Tubeless Tyre Repair Kit,automobile,Complete 6-piece plug-and-patch kit for tubeless car and bicycle tyres. Includes reamer needle tool and rubber plugs for quick roadside puncture repair.,25,9,200
C15-25-26 Electrical Insulation Tape 20-Yard,tools,20-yard black PVC electrical tape rated for indoor wiring insulation up to 600V. Flexible moisture-resistant and flame-retardant backing.,110,38,30
C15-25-27 Electrical Insulation Tape 10-Yard,tools,10-yard black PVC electrical tape for wrapping wire joins cable bundling and insulation repairs. Conforms tightly to irregular surfaces.,55,20,50
C15-25-28 Electrical Insulation Tape 5-Yard,tools,Handy 5-yard electrical tape roll for quick fixes hobby electronics and emergency repairs. Good stretch and strong adhesion to wire and cable.,42,15,50
C15-25-29 AB Epoxy Glue 10g,tools,Two-component 5-minute epoxy adhesive in twin-syringe pack. Bonds metal wood ceramic glass and most plastics with a rigid waterproof joint.,16,5.8,288
C15-25-30 Universal Contact Cement Glue,tools,BAQ contact cement for bonding rubber leather laminates and foam. Apply to both surfaces allow to dry then press for an instant permanent bond.,16,5.8,288
C15-25-31 Super Glue 12-Pack,tools,12-tube card of instant cyanoacrylate super glue for rapid bonding of ceramics metals rubber and plastics. Sets in seconds with minimal clamping.,30,11,144
C15-25-32 Thin Hot Glue Sticks 10-Pack 7mm,tools,Pack of 10 thin 7mm glue sticks compatible with standard mini glue guns. Clean-melt formula for crafts school projects and light repairs.,18,6.5,288
C15-25-33 Thick Hot Glue Sticks 5-Pack 11mm,tools,5 large-diameter 11mm glue sticks for full-size hot glue guns. High-bond formula suits heavy crafts upholstery and DIY repairs.,22,7.5,192
C15-25-34 Waterproof Flashing Tape 5m x 5cm,tools,Self-adhesive bitumen flashing tape for instant watertight seals on roofing gutters and pipe joints. Rated for 15+ years outdoor weathering.,60,22,30
C15-25-35 Waterproof Flashing Tape 10m x 5cm,tools,Extended 10-metre waterproof self-adhesive flashing tape for larger roofing and construction sealing jobs. Heat-activated membrane for superior adhesion.,95,35,24
C15-25-36 5500 Price Label Gun,accessories,Single-line price labelling gun that prints and applies 5500-series price stickers in one action. Adjustable price digits and smooth feed mechanism.,115,42,50
C15-25-37 Price Label Sticker Roll 500 Labels,accessories,Replacement roll of 500 price labels for 5500-series price guns. White labels with red grid lines for clear price marking in retail environments.,45,17,100
C15-25-38 Sticky Tape Set 3-Roll with Dispenser,accessories,3-roll transparent sticky tape set with plastic dispenser included. Ideal for office school and gift-wrapping with easy one-hand dispensing.,22,8,144
C15-25-39 Desktop Tape Dispenser 8808,accessories,Sturdy weighted desktop tape dispenser with serrated blade for clean one-handed tape cutting. Fits standard 1-inch core tape rolls.,50,18,24
C15-25-40 Plastic Tape Dispenser 4.8cm,accessories,Compact colourful plastic tape dispenser for 4.8cm-wide tape rolls. Lightweight design for home and office desk use.,36,13,100
C15-25-41 Fly Catch Trap Ribbons 4-Pack,household,Pack of 4 hanging sticky fly-catcher ribbons that trap houseflies and gnats without poison or baiting. Unroll and hang for instant fly control.,13,4.5,288
C15-24-42 Electric Mosquito Liquid Set with 2 Refills 0482-B2,household,Pit Pos electric mosquito repellent set with plug-in heater unit and 2 liquid refill bottles. Provides 120 nights of lemon-fragrance protection.,75,27,120
C15-25-43 Electric Mosquito Liquid Set with 1 Refill 482-B1,household,Pit Pos electric mosquito liquid starter kit with heater and single refill bottle providing 120 nights of continuous indoor protection.,58,21,120
C15-25-44 Mosquito Repellent Liquid Refill 2540,household,Lemon-fragrance mosquito liquid refill compatible with standard electric heater units. Each bottle provides approximately 30 nights at 8 hours per night.,25,9,200
C15-25-45 Electric Mosquito Liquid Refill 60 Nights,household,Leader brand electric mosquito liquid refill with 1.0% prallethrin active ingredient. 60-night duration at 8 hours per night with lemon scent.,24,8.5,200
C15-27-1 PM-2006 Pearl Max 708 Razor Handle Set,accessories,"Twin-blade razor set with yellow 708 handle and 2-layer stainless steel blade card. Ergonomic design for a comfortable and close wet shave.",90,32,72
C15-27-2 PM-2002 Pearl Max Green Comfort Razor Set,accessories,"Razor set with green comfort-grip handle and 2-layer stainless steel blades with lubricating strip. Flexible head follows face contours for a smooth shave.",110,39,72
C15-27-3 PM-2603B Pearl Max Rubber-Handle Disposable Razor 8-Pack,accessories,"8-pack of rubber-handle disposable razors with twin stainless steel blades and green lubricating strip. Soft grip and smooth glide for daily shaving.",35,12.5,200
C15-27-4 PM-3004B Pearl Max Seahorse 3-Blade Disposable Razor 3-Pack,accessories,"3-pack of blue seahorse-handle disposable razors with triple stainless steel blades for a close shave and reduced skin irritation.",30,10,144
C15-27-5 PMD-007 Pearl Max Double-Edge Razor Blades 100-Pack,accessories,"Card of 100 triple chrome-coated double-edge razor blades in 5-blade boxes. Compatible with all standard double-edge safety razors.",100,36,100
C15-27-6 PM-2610B Pearl Max Twin-Blade Disposable Razor 6-Pack,accessories,"Value 6-pack of disposable razors with 708 handle and twin stainless steel blades. Budget-friendly everyday option for a clean close shave.",18,6.5,400
C15-34-1 LUDE 100g Black Shoe Polish,accessories,"Large-format 100g black shoe polish tin that restores colour and builds a high-gloss protective shine on leather shoes and boots.",30,10.5,144
C15-34-2 LUDE 40g Neutral Shoe Polish,accessories,"Compact 40g neutral shoe polish tin for everyday leather conditioning and protection. Does not darken the shoe colour.",13,4.8,360
C15-34-3 G428 Flat Plastic Scrubbing Brush,household,"Flat plastic-backed scrubbing brush with stiff bristles for cleaning floors tiles and surfaces. Lightweight and easy to grip.",8,2.8,600
C15-34-4 G400 Plastic Household Brush,household,"Firm-bristle plastic brush for scrubbing shoes surfaces and fabrics. Sturdy construction removes mud and ingrained dirt effectively.",10,3.5,480
C15-34-5 T428 Wooden Scrubbing Brush,household,"Wooden-backed scrubbing brush with stiff nylon bristles for shoe polishing and general household scrubbing. Durable wood base for long-term use.",8,3,600
C15-34-6 Small 400 Compact Wooden Brush,household,"Small wooden-handled brush ideal for applying and buffing shoe polish. Natural wood grip with firm bristles for detail cleaning.",8,3,240
C15-34-7 QJ804 Plastic Soap Dish,accessories,"Plastic soap dish with drainage slots that keep soap dry between uses. Prevents soap residue buildup on bathroom and kitchen surfaces.",17,6,240
C15-34-8 BC120 Lidded Plastic Soap Box,accessories,"Snap-close plastic soap box for bathroom or travel use. Sealed lid keeps soap contained and residue-free in bags and on shelves.",18,6.5,250
C15-34-9 BC124 Plastic Soap Box with Decorative Lid,accessories,"Decorative lidded plastic soap box for bathroom storage or travel. Secure lid keeps soap fresh and prevents mess in bags.",17,6,308
C15-34-10 XYJ-30 Stainless Steel Clothes Pegs 30-Pack,household,"Pack of 30 rust-proof stainless steel spring clothes pegs for hanging laundry. Strong grip and corrosion-resistant for long-lasting outdoor use.",25,8.5,550
C15-34-11 CY12CM Stainless Steel Clothes Clips,household,"Pack of 12cm stainless steel spring clothes clips that resist rust and bending. Suitable for indoor and outdoor laundry lines.",30,11.5,250
C15-32-1 Yaodongbang Fresh-Scented Cleaning Wipes,household,"Fresh-scented multi-purpose cleaning wipes for hands surfaces and on-the-go use. Resealable pack for convenient home and travel hygiene.",20,7,50
C15-32-2 Baby Tender Baby Wipes,household,"Gentle fresh-scented baby wipes for nappy changes and everyday baby hygiene. Soft formula suitable for sensitive baby skin.",20,7,50
C15-32-3 Ladies Square Shower Cap for Curly Hair,accessories,"Wide square shower cap with elastic band designed for women with natural or curly hair. Waterproof and reusable with a roomy fit.",20,8,50
C15-32-4 Bear-Themed Kids Personal Care Pack (Pink & Blue),accessories,"Bear-themed pink and blue personal care hygiene pack for babies and toddlers. Compact colourful packaging suitable for gifting or travel.",30,11,40
C5-31-1 Melamine Dessert Spoon with Floral Pattern,kitchen,"Small floral-print melamine spoon for rice soup and dessert servings. Lightweight and shatter-resistant for everyday family dining.",7,2.5,1200
C5-31-2 Melamine Ladle with Floral Pattern,kitchen,"Long-handled melamine ladle with floral print for serving soups stews and sauces. Durable design for everyday kitchen use.",11,3.8,400
C5-31-3 6-Inch Melamine Ripple Bowl with Floral Pattern,kitchen,"Small 6-inch melamine bowl with ripple edge and rose print for soups cereal and side servings. Lightweight and shatter-resistant.",10,3.5,360
C5-31-4 8-Inch Melamine Ripple Bowl with Floral Pattern,kitchen,"Mid-size 8-inch melamine bowl with ripple edge and floral print. Durable and lightweight for everyday soup cereal and main course use.",17,6,240
C5-31-5 9-Inch Large Melamine Ripple Bowl with Floral Pattern,kitchen,"Large 9-inch melamine bowl with ripple edge and floral pattern for salads pasta and family portions. Shatter-resistant for everyday use.",20,7,144
C5-31-8 12-Inch Oval Melamine Serving Plate,kitchen,"Oval 12-inch melamine serving plate with rose floral design. Ideal for presenting meats vegetables and sharing platters at family meals.",20,7,180
C5-31-9 8-Inch Melamine Bowl with Fruit Pattern,kitchen,"8-inch melamine bowl with tropical fruit pattern for soups noodles and main courses. Sturdy shatter-resistant construction for everyday dining.",18,6.5,240
C5-31-10 8-Inch Melamine Plate with Purple Floral Print,kitchen,"8-inch melamine plate with purple flower border. Lightweight shatter-resistant everyday plate for main courses and side dishes.",14,5,288
C5-31-11 8-Inch Melamine Plate with Scalloped Edge,kitchen,"8-inch melamine plate with decorative scalloped rim and floral border. Elegant lightweight plate for everyday dining.",14,5,240
C5-31-12 8-Inch Melamine Plate with Gold and Red Band,kitchen,"Classic 8-inch melamine plate with gold and red banded rim design. Suitable for everyday dining and casual entertaining.",14,5,240
C5-31-13 9-Inch Melamine Plate with Blue Chinoiserie Pattern,kitchen,"9-inch melamine plate with traditional blue-and-white chinoiserie floral design. Suitable for everyday dining or themed table settings.",25,8.5,96
C5-31-14 11-Inch Deep Melamine Serving Plate with Blue Floral,kitchen,"11-inch lipped melamine serving plate with blue floral design. Raised edges prevent spills making it ideal for saucy dishes and curries.",35,12,96
C5-31-15 11-Inch Deep Melamine Serving Plate with Lily Design,kitchen,"11-inch lipped melamine plate with botanical white lily print. Suitable for main courses sharing dishes and family-style serving.",28,10,96
C5-31-16 14-Inch Oval Melamine Serving Tray,kitchen,"14-inch oval melamine serving tray with floral border. Large enough for drinks snacks and buffet-style serving at gatherings.",25,9,72
C5-31-17 16-Inch Large Oval Melamine Serving Tray,kitchen,"Extra-large 16-inch oval melamine presentation tray with floral design. Ideal for braais buffets and family-style meal presentations.",35,13,72
CXT5-2016-6 T5 Vehicle Park Light Bulb,automobile,Small T5-style park/position light bulb for vehicles. Used as indicator or sidelight in cars and motorcycles.,20,8,500
CXT5-3014-2 T5 Vehicle Park Light Bulb,automobile,Compact T5-style park/position light bulb. Suitable as sidelight or indicator lamp in most vehicles.,17,6,500
CXT10-4014-24 T10 Vehicle Park Light Bulb,automobile,T10 wedge-base park light bulb with 4014 LED chip. Fits standard T10 sockets for position or clearance lights.,35,13,500
CXT5-2016-8 T5 Vehicle Park Light Bulb,automobile,Small T5-style park/position light bulb for vehicles. Used as indicator or sidelight in cars and motorcycles.,20,8,500
CXT5-2835-3 T5 Vehicle Park Light Bulb,automobile,T5-style park light bulb with 2835 chip. Suitable for use as sidelight or position indicator in vehicles.,17,6,500
CXT5-5630-2 T5 Vehicle Park Light Bulb,automobile,T5-style park light bulb with 5630 chip. Provides a bright sidelight or position indicator for vehicles.,17,6,500
CXT5-4014-7 T5 Vehicle Park Light Bulb,automobile,T5-style park light with 4014 chip. Drop-in replacement for standard T5 position light sockets.,20,8,500
CXT10-4014-30 T10 Vehicle Park Light Bulb,automobile,T10 wedge park light with 4014 LED strip. Brighter upgrade for standard T10 position light fittings.,55,20,500
CXT5-3030-27 T5 Vehicle Park Light Bulb,automobile,T5-style park light with 3030 chip. High-output position light bulb suitable for most vehicles.,110,38,500
CX1156-3 Single-Contact Brake Light Bulb 3-Pack,automobile,Type 1156 (BA15S) single-contact brake and tail light bulb sold in a pack of 3. Standard fit for most vehicles.,30,11,500
CX1157-3 Dual-Contact Brake Light Bulb 3-Pack,automobile,Type 1157 (BAY15D) dual-contact brake and tail light bulb 3-pack. Works for both brake and running lights.,30,11,500
CX1156-12 Single-Contact Brake Light Bulb 12-Pack,automobile,Type 1156 (BA15S) single-contact brake light bulb 12-pack. Value pack for workshops or bulk buyers.,35,13,500
CX1157-12 Dual-Contact Brake Light Bulb 12-Pack,automobile,Type 1157 (BAY15D) dual-contact brake light bulb 12-pack. Dual-filament suits brake and running lights.,35,13,500
CX1156-144 Single-Contact Brake Light Bulb 144-Pack,automobile,Type 1156 (BA15S) single-contact brake light bulb carton of 144. Bulk supply for trade or resale.,90,33,500
CX1157-144 Dual-Contact Brake Light Bulb 144-Pack,automobile,Type 1157 (BAY15D) dual-contact brake light bulb carton of 144. Bulk supply for workshops and trade.,90,33,500
NA-82 Vehicle Park Light Bulb,automobile,Small vehicle park/position light bulb. Suitable as sidelight or indicator in a range of vehicle models.,60,22,500
NA-65 Vehicle Park Light Bulb,automobile,Compact vehicle park light bulb. Used as a position or sidelight indicator in cars.,35,12,500
CX98-47 Vehicle Park Light Bulb,automobile,Vehicle park/position light bulb. Standard replacement for sidelight or indicator fittings.,30,10,500
C103-77-5 Vehicle Park Light Bulb,automobile,Small park/position light bulb for vehicles. Fits standard sidelight sockets in cars and vans.,35,12,500
NA-67 Vehicle Park Light Bulb,automobile,Vehicle park light bulb replacement. Suitable for sidelight and position light fittings.,35,12,500
C5-1-48 Vehicle Park Light Bulb,automobile,Small park/position light bulb. Standard replacement for vehicle sidelights and clearance lights.,35,13,500
C5-1-49 Vehicle Park Light Bulb,automobile,Vehicle park/position light bulb for sidelight and indicator fittings.,40,15,500
NA-85-31 Vehicle Park Light Bulb,automobile,Park/position light bulb for vehicles. Drop-in replacement for standard sidelight sockets.,35,13,500
NA-85-39 Vehicle Park Light Bulb,automobile,Vehicle park light bulb with higher output. Suitable as sidelight or clearance light.,45,16,500
C5-1-50 Vehicle Park Light Bulb,automobile,Compact park/position light bulb for cars. Fits standard T-type sidelight sockets.,35,12,500
NA-46 Vehicle Park Light Bulb,automobile,Higher-output vehicle park light bulb. Suitable for position or clearance lights on cars and trucks.,100,35,500
NA-24 Vehicle Park Light Bulb,automobile,Vehicle park/position light bulb. Standard sidelight replacement for a range of vehicles.,65,23,500
1-42 Blister Pack Vehicle Headlight Bulb,automobile,Retail-blister-packaged vehicle headlight bulb. Suitable as a replacement for standard headlight fittings.,130,45,300
1-43 Blister Pack Vehicle Headlight Bulb,automobile,Retail-blister-packaged vehicle headlight bulb. Replacement for standard forward headlamp fittings.,130,45,300
NG-28 Owl Decorative Vehicle Light,automobile,Novelty owl-shaped decorative light for vehicles. Can be used as a cabin or accent light.,60,22,300
CX98-57 Daytime Running Light (DRL),automobile,LED daytime running light strip for vehicles. Improves daytime visibility and gives a modern front-end look.,110,40,200
NA-49 Daytime Running Light (DRL),automobile,LED daytime running light. Mounts to the front of the vehicle to improve visibility in daylight.,90,32,200
C5-1-58 Daytime Running Light (DRL),automobile,High-output LED daytime running light bar. Fits to the front bumper area for improved day visibility.,120,42,200
C5-1-59 Daytime Running Light (DRL),automobile,LED daytime running light bar for vehicles. Provides bright energy-efficient daytime illumination.,120,42,200
C5-1-60 Daytime Running Light (DRL),automobile,LED daytime running light for vehicles. Mounts to the front bumper for enhanced daytime visibility.,100,35,200
C103-77-18 LED DRL Strip Light,automobile,Flexible LED DRL strip for vehicle daytime running light installations. Slim profile for clean fitment.,50,18,300
NA-73 Round Daytime Running Light (DRL),automobile,Circular LED daytime running light. Mounts to the vehicle front for a distinctive round DRL appearance.,90,32,300
C15-25-42 Dual-Use Mosquito Coil 0482-B2 (National Standard),household,Dual-use mosquito coil meeting national standard specifications. Effective against mosquitoes for outdoor and indoor use.,75,27,120
LP501 Mini Fan,household,"Compact USB-rechargeable clip-on mini fan for personal cooling at desk or home. Lightweight with foldable base.",60,21,144
LP512 Mini Fan,household,"Portable rechargeable mini fan with clip stand. USB-powered quiet multi-speed operation for personal cooling.",60,21,168
SQ7777 Mini Fan,household,"Folding mini fan with multi-speed control and USB charging. Portable cooling for home office or travel.",80,28,120
FP1528B Mini Fan,household,"Rechargeable portable mini fan with clip base and multiple speed settings. Suitable for desk handheld or stroller use.",100,35,96
MINI139 Mini Fan,household,"Small rechargeable clip-on fan for personal cooling. USB-powered with adjustable neck position.",60,21,144
FQ1522 Mini Fan,household,"Portable USB-rechargeable mini fan with folding base. Multi-speed operation for personal cooling indoors and outdoors.",75,27,144
SK59 Mini Fan,household,"Compact clip-on personal fan with USB recharging. Quiet and lightweight for desk bedside or office cooling.",65,23,144
JB103 Mini Fan,household,"Portable rechargeable mini fan with stable clip design. USB-powered for quiet personal cooling anywhere.",75,26,144
JL8818 Mini Fan,household,"Small personal USB-rechargeable fan with compact build. Ideal for desk and bedside cooling on hot days.",55,19,144
ZB088 Mini Fan,household,"Compact adjustable-clip mini fan with USB charging. Suitable for desk stroller and travel personal cooling.",65,24,144
LP551 Mini Fan,household,"Portable clip-on mini fan with USB charging. Slim lightweight build for personal cooling at home or while travelling.",55,20,168
Oversize Handheld Mini Fan,household,"Extra-large handheld personal fan with USB charging and high-power airflow. Ideal for outdoor events and hot environments.",70,25,96
MJ127 Mini Fan,household,"Compact rechargeable mini fan with foldable stand. USB-powered and suitable for desk or personal outdoor cooling.",70,25,144
SQ612 Handheld Mini Fan,household,"Small lightweight handheld fan for personal use. USB rechargeable with simple one-button speed control.",25,9,576
180 Degree Clip Fan 220V,household,"Mains-powered 180-degree rotating clip fan with iron mesh guard. Adjustable angle and two-speed settings for home or office use.",410,145,12
A30 Portable Air Cooler 9L,household,"9-litre portable evaporative air cooler with misting and fan functions. Suitable for personal spaces and small rooms.",1960,700,3
Air Conditioner 30L,household,"30-litre portable air conditioner for larger rooms. Combines cooling and humidification with wide area coverage.",7840,2799.99,1
2202 5W Mini Hair Clipper,accessories,"Compact 5W cordless hair clipper and beard trimmer. USB rechargeable with stainless steel blades for home grooming.",150,55,120
GF588 Hair Clipper,accessories,"Cordless hair clipper with sharp stainless steel blades and guide comb. Suitable for home haircuts and beard trimming.",90,32,100
VBT0813 Hair Clipper,accessories,"Professional-style cordless hair clipper with precision cutting blades. Suitable for fades tapers and general hair cutting.",160,58,60
Vintage T9 Hair Clipper,accessories,"Retro-style cordless electric shaver and hair clipper in white box. Compact for daily grooming and beard maintenance.",70,25,100
GW6558 3000W Hair Dryer,accessories,"3000W professional-style hair dryer with high-velocity airflow for fast drying. Lightweight with cool-shot button.",245,87,40
GW7669 Hair Straightener Comb,accessories,"Electric comb-style hair straightener for quick styling and smoothing. Heats fast and glides through hair with minimal frizz.",200,70,60
GW7652 Copper Styling Comb,accessories,"Copper-plate heated styling comb for smoothing and straightening all hair types. Even heat distribution for consistent results.",200,73,80
Gold Copper Styling Comb,accessories,"Gold-finish copper-plate styling comb for hair straightening and smoothing. Even heat for frizz-free styling.",180,65,80
T9 Professional Hair Clipper,accessories,"Professional cordless hair clipper with precision cutting blades and guide combs. Suitable for barbering and fades.",100,35,100
VBT0812 Hair Clipper,accessories,"Cordless hair clipper with sharp stainless blades and guide combs included. Suitable for home and professional use.",160,58,60
H09 Humidifier,household,"Compact USB-powered humidifier for desk or bedside use. Adds moisture to dry air and improves comfort in small rooms.",90,32,160
GW Power Bank Wireless 5000MAH,power-banks,"5000mAh wireless charging power bank with Qi coil. Compact for daily carry to charge smartphones on the go.",180,65,100
GW Power Bank 10000MAH,power-banks,"10000mAh portable power bank with dual USB output. Reliable backup charge for phones and tablets.",320,113,100
HF-F81 Solar Bluetooth Speaker,accessories,"Solar-panel Bluetooth speaker for outdoor use. Charges via sunlight or USB with loud stereo sound and durable casing.",380,135,40
HF-F3 Solar Bluetooth Speaker,accessories,"Large solar-powered Bluetooth speaker with enhanced bass and long battery life. Ideal for outdoor gatherings and camping.",410,145,40
Charge Mini3 Bluetooth Speaker,accessories,"Compact portable Bluetooth speaker with clear sound and USB charging. Pocket-sized for travel and everyday listening.",200,72,100
PLUSE5 Bluetooth Speaker,accessories,"High-output portable Bluetooth speaker with deep bass and long battery life. USB charging for home and outdoor use.",420,150,50
A005 Bluetooth Speaker,accessories,"Portable Bluetooth speaker with full stereo sound and USB recharging. Compact and lightweight for everyday listening.",150,52,50
A16 Portable Juicer,kitchen,"Personal-sized portable USB-rechargeable blender for smoothies and juices. BPA-free cup for on-the-go use.",190,68,40
USB Mini Food Processor,kitchen,"USB-powered mini food chopper for garlic herbs and small ingredients. Compact and easy to clean for quick kitchen prep.",130,47,50
WATCH10 2.01-Inch Smart Watch,smartwatches,"2.01-inch large-screen smartwatch with fitness tracking heart rate monitor and multiple sports modes. Bluetooth sync.",450,160,100
T900 Smart Watch,smartwatches,"Smartwatch with large colour display fitness tracking and call notifications. Compatible with iOS and Android.",200,70,100
SU U9 Mini Ultra Smart Watch,smartwatches,"Premium ultra-thin smartwatch with AMOLED display and comprehensive health monitoring. Supports Bluetooth calls and NFC.",660,235,100
X10 Ultra3 Smart Watch,smartwatches,"Sporty smartwatch with large display multi-sport modes and health monitoring. Long battery life and Bluetooth notifications.",200,70,100
T500 FitPro Smart Watch,smartwatches,"Fitness-focused smartwatch with heart rate blood oxygen monitor and sports tracking. Syncs with FitPro app.",170,60,100
T900 USmart Watch,smartwatches,"Feature-rich smartwatch with Bluetooth calling ECG heart rate and sleep monitoring. Full app support for iOS and Android.",265,95,100
PHONE Smart Watch with SIM Card,smartwatches,"SIM card-enabled smartwatch that functions as a standalone phone. Supports calls SMS and apps with large touchscreen.",730,260,100
T800 Ultra2 Smart Watch,smartwatches,"Slim smartwatch with HD display fitness tracking and Bluetooth notifications. Suitable for daily wear and workouts.",200,70,100
SU U9 Ultra Smart Watch,smartwatches,"Gold-edition premium smartwatch with AMOLED display health sensors and Bluetooth calling. High-end finish for daily use.",780,280,100
HX-Z1 Mini Fan,household,"Compact rechargeable mini fan with USB charging and adjustable angle. Suitable for desk personal and stroller cooling.",110,38.5,100
DD5007(M11) Mini Fan,household,"Portable USB-rechargeable mini fan with adjustable stand. Quiet multi-speed operation for personal desk cooling.",90,33,100
HK59-20A Mini Fan,household,"Small rechargeable clip fan with USB charging. Lightweight and suitable for desk or travel personal cooling.",55,20,168
HK59-21B Mini Fan,household,"Portable mini fan with adjustable clip and USB recharging. Multi-speed operation for personal cooling.",75,26.5,144
HX103 Mini Fan,household,"Compact rechargeable handheld fan with foldable base. USB-powered for personal desk and outdoor cooling.",75,26,144
SQ7777-2 Mini Fan,household,"Folding mini fan with multi-speed control and USB charging. Portable personal cooling for home office or travel.",80,28,120
ZB088B Mini Fan,household,"Compact clip-on mini fan with USB recharging and adjustable position. Quiet personal cooling for desk or stroller.",60,22,144
6826A Mini Fan,household,"Rechargeable portable mini fan with multi-speed settings. USB-powered for personal desk or outdoor cooling.",80,28.5,144
HK59 Mini Fan,household,"Compact USB-rechargeable personal mini fan with clip base. Lightweight and quiet for desk home or travel cooling.",65,23,144
LP5101 Mini Fan,household,"Small rechargeable clip-on fan with USB charging. Portable personal cooling for desk stroller or outdoor use.",60,21,144
5-Hole Air Cooler Fan,household,"5-nozzle misting fan for effective personal cooling. Combines fan and water mist for home or personal space use.",220,80,24
9L Air Conditioner Fan,household,"9-litre portable evaporative air cooler with mist spray and fan. Cools and humidifies a room for comfortable home use.",2100,750,4
GW-7622 Styling Comb,accessories,"Professional-grade heated styling comb for straightening and smoothing hair. Fast heat-up and consistent temperature control.",330,118,60
GW-7696 Hair Straightener,accessories,"Ceramic-plate hair straightener with adjustable temperature control. Straightens and styles hair quickly with reduced frizz.",220,78,60
GW-2215 Hair Straightener,accessories,"Mid-range ceramic hair straightener with floating plates. Suitable for all hair types with even heat distribution.",160,58,100
GW-002 Hair Straightener,accessories,"Budget ceramic hair straightener for quick everyday styling. Compact and easy to use for home hair straightening.",50,18,120
GW-6576 Hair Dryer 6000W,accessories,"High-power 6000W hair dryer with concentrator nozzle for fast drying. Lightweight barrel and cool-shot function.",280,99,40
GW-6650 Hair Dryer 3000W,accessories,"3000W hair dryer with two heat settings and cool-shot button. Lightweight and suitable for salon or home use.",265,95,40
GW-6568 Hair Dryer 6000W,accessories,"6000W professional-style hair dryer for fast powerful drying. Concentrator attachment included for precise styling.",245,88,40
WG-662 Hair Dryer 1000W,accessories,"Compact 1000W travel-friendly hair dryer with folding handle. Two heat settings and lightweight design for everyday use.",110,38,100
GW-8005 Super Hand Mixer,kitchen,"Electric hand mixer with multiple speed settings for beating eggs cream and batter. Compact and easy to clean.",210,75,24
GW-8032 Electric Kettle,kitchen,"1.8-litre electric kettle with rapid-boil function and auto shut-off. Stainless steel heating element for clean-tasting hot water.",265,95,16
GW-9736 Hair Clipper,accessories,"Professional cordless hair clipper with powerful motor and precision blades. Includes guide combs for multiple cutting lengths.",290,105,60
GW-9775 Hair Clipper,accessories,"Cordless hair clipper with sharp titanium-coated blades. Suitable for home haircuts and professional barbering.",220,78,60
GW-9862 Coloured Hair Clipper,accessories,"Compact cordless hair clipper in multiple colours. Suitable for home grooming and beard trimming.",100,35,100
GW-9781 Gold Hair Clipper,accessories,"Gold-finish cordless electric shaver and clipper. Compact design for daily beard trimming and personal grooming.",90,33,100
KX025 Power Bank 10000MAH,power-banks,"10000mAh portable power bank with dual USB output and fast charge. Slim design for commuting and travel.",220,78,60
GW-139 Power Bank 10000MAH,power-banks,"10000mAh high-capacity power bank with USB-C and USB-A outputs. Reliable backup charge for phones and tablets.",280,100,60
Car Light 4-Inch Round LED,automobile,"4-inch round LED auxiliary spotlight for off-road vehicles and trucks. High-lumen output with durable mounting bracket.",590,210,40
Car Light 3.5-Inch Round LED,automobile,"3.5-inch LED auxiliary spotlight for off-road or truck front-end mounting. Compact and bright for supplementary lighting.",480,170,50
Car Light 3-LED Auxiliary,automobile,"3-LED compact car auxiliary light for supplementary illumination. Easy bracket mounting for most vehicle types.",150,55,100
Car Light 4-LED Auxiliary,automobile,"4-LED car auxiliary light for off-road or supplementary vehicle lighting. Bright output with universal bracket mounting.",210,75,80
Car Light 7-Inch Round LED,automobile,"7-inch round LED driving light for off-road or auxiliary use. High-lumen output with durable weatherproof housing.",640,230,20
Car Light 9-Inch Round LED,automobile,"9-inch large round LED driving light for off-road and truck applications. Maximum brightness output for night driving.",1120,400,10
C15-20-1 Duster Cloth,household,"Soft duster cloth for cleaning surfaces furniture and shelves. Reusable and machine washable for everyday home use.",17,6,
C15-20-2 Large Duster Cloth,household,"Large-format duster cloth for wiping down bigger surfaces. Absorbent and reusable for home and kitchen cleaning.",18,6.5,
C15-20-3 Clothes Hanger,household,"Standard plastic clothes hanger for hanging shirts jackets and garments. Lightweight and space-saving for wardrobe use.",35,13,
C15-20-4 Large Clothes Hanger,household,"Wide-shoulder plastic clothes hanger suitable for coats and heavy garments. Durable and non-slip for wardrobe storage.",50,18,
C15-20-7 Toilet Brush with Holder,household,"Plastic toilet brush with stand holder for bathroom hygiene. Stiff bristles for effective cleaning under the rim.",30,11.5,
C15-20-8 Scouring Ball,household,"Stainless steel or nylon scouring ball for scrubbing pots pans and surfaces. Removes stubborn residue without scratching.",18,6.5,
C15-20-9 Bamboo Skewers 20cm,kitchen,"Pack of bamboo skewers in 20cm length for grilling kebabs and satay. Food-safe natural bamboo with pointed tips.",8,3,
C15-20-10 Bamboo Skewers 15cm,kitchen,"Pack of 15cm bamboo skewers for appetisers and finger food. Food-safe natural bamboo with sharp tips for easy threading.",7,2.5,
C15-20-11 Bamboo Skewers 30cm,kitchen,"Pack of long 30cm bamboo skewers for braai kebabs and grilling. Food-safe natural bamboo with pointed tips.",13,4.5,200
C15-20-12 Welcome Floor Mat,household,"Decorative welcome floor mat for entrance ways and doorsteps. Non-slip backing and easy to clean surface.",50,18,
C15-20-13 English Text Floor Mat,household,"English-text decorative floor mat for entrances. Non-slip backing and durable surface for indoor or covered outdoor use.",40,14,
C15-20-14 English Text Floor Mat (variant),household,"English-text floor mat for home entryways. Compact size with non-slip base and easy-clean surface.",35,13,100
C15-43-1 Basketball,accessories,"Size 7 rubber basketball for outdoor and indoor play. Durable construction with good grip and consistent bounce.",110,38,50
C15-43-3 Golf-Style Football,accessories,"Golf-textured PVC football for recreational play. Standard size with durable stitching and good air retention.",80,28,50
C15-43-3 Size 4 Football,accessories,"Size 4 PVC football suitable for youth and recreational play. Durable construction with reinforced stitching.",70,25,50
C15-43-4 Mini Football,accessories,"Mini foam or rubber football for casual play and kids. Lightweight and safe for indoor or garden use.",45,16,200
C15-43-5 PVC Mini Football,accessories,"Mini PVC football with durable outer layer. Suitable for casual outdoor play and kids recreational use.",60,22,200
C15-43-6 PVC Football PLLE,accessories,"Full-size PVC football with durable construction and strong stitching. Suitable for recreational outdoor football.",210,75,50
C15-43-7 Rugby Football,accessories,"Meng-brand rubber rugby ball for recreational and training use. Standard shape and durable construction.",140,50,100
C15-43-8 Tennis Balls Pack,accessories,"Pack of tennis balls for recreational and practice use. Standard felt-covered rubber for consistent bounce.",60,21,80
C15-43-9 Bouncy Ball 7cm,accessories,"7cm rubber bouncy ball for kids play and recreational use. High-rebound rubber for consistent bounce.",20,8,576
C15-43-10 Flashing Spiky Ball,accessories,"Light-up spiky textured ball that flashes on impact. Fun novelty toy for kids and casual play.",25,9,360
C15-43-10 Whistle 24-Pack,accessories,"Pack of 24 plastic whistles for sports coaching and referee use. Loud clear tone and lightweight plastic construction.",65,24,2400
C15-43-12 Watermelon Ball,accessories,"Novelty watermelon-print rubber ball for kids and casual play. Lightweight and colourful for indoor or outdoor use.",11,4,600
C16-43-9 Football,accessories,"Standard size PVC football for recreational outdoor play. Durable construction with good air retention.",60,22,200
CV307N Football,accessories,"CV307N model PVC football with reinforced stitching. Suitable for recreational and training use.",55,20,50
RS8801 Football,accessories,"RS8801 model PVC football with durable construction. Suitable for outdoor recreational football play.",65,23,50
C16-43-19 Flower Basketball,accessories,"Floral-pattern rubber basketball for casual and recreational play. Size 7 with durable grip surface.",85,30,80
C16-43-20 New Style Basketball,accessories,"New-design rubber basketball with improved grip pattern. Suitable for outdoor courts and recreational play.",150,55,80
C16-43-21 Basketball Needle,accessories,"Inflation needle for basketballs and sports balls. Compatible with standard ball pumps for easy inflation.",75,26,80
C15-24-2 12-Pack Toothbrush Good Corona,household,"Pack of 12 Good Corona brand toothbrushes with soft bristles. Suitable for daily adult oral hygiene.",35,13,100
C15-24-4 12-Pack Abao Toothbrush,household,"Pack of 12 Abao brand toothbrushes for adults. Soft-medium bristles and ergonomic handle for daily brushing.",50,18,48
C15-24-6 30-Pack Sanfeng Toothbrush,household,"Bulk pack of 30 Sanfeng toothbrushes with soft bristles. Ideal for wholesale and resale.",110,39,30
C15-24-11 Dorco Kid's Toothbrush Pack,household,"Pack of Dorco children's toothbrushes with soft bristles and small head. Safe and effective for kids daily brushing.",180,66,288
C15-24-12 Alan Children's Toothbrush 12-Pack,household,"Pack of 12 Alan brand children's toothbrushes with soft bristles. Colourful handles for fun daily brushing habits.",180,66,288
GW-104A USB to iPhone Cable,cables,"Braided USB-A to Lightning charging and data cable. Fast charge compatible with iPhones and Apple devices.",65,23,200
GW-104B USB to Type-C Cable,cables,"Braided USB-A to USB-C charging cable. Fast charge compatible with Android phones tablets and laptops.",65,23,200
GW-104C Type-C to iPhone Cable,cables,"USB-C to Lightning cable for fast charging iPhones from USB-C chargers. Compatible with latest Apple devices.",80,28,200
GW-104D Type-C to Type-C Cable,cables,"USB-C to USB-C cable for charging and data transfer. Compatible with modern Android phones laptops and accessories.",70,25,200
GW-195A USB to iPhone Cable,cables,"Compact USB-A to Lightning charging cable. Compatible with iPhones iPads and Apple accessories.",40,15,200
GW-195B USB to Type-C Cable,cables,"USB-A to USB-C charging and data cable. Compatible with Android phones tablets and USB-C accessories.",40,15,200
GW-195C Type-C to iPhone Cable,cables,"USB-C to Lightning cable for charging iPhones from USB-C ports. Suitable for newer Apple device charging.",55,20,200
GW-195D Type-C to Type-C Cable,cables,"USB-C to USB-C cable for fast charging and data sync. Works with modern Android phones laptops and accessories.",50,18,200
GW-107A USB to iPhone Cable,cables,"Heavy-duty braided USB-A to Lightning cable for fast charging iPhones. Durable nylon braid with reinforced connectors.",80,28,200
GW-107B USB to Type-C Cable,cables,"Heavy-duty braided USB-A to USB-C cable. Durable nylon braid for long-lasting fast charge and data transfer.",80,28,200
GW-107C Type-C to iPhone Cable,cables,"Heavy-duty USB-C to Lightning cable for fast-charging iPhones from USB-C adapters. Braided for extra durability.",100,35,200
GW-107D Type-C to Type-C Cable,cables,"Heavy-duty braided USB-C to USB-C cable for fast charging and data sync. Reinforced connectors for longevity.",80,28,200
GW-2G Memory Card,accessories,"2GB microSD memory card for cameras older smartphones and electronic devices. Reliable storage for everyday use.",80,28,500
GW-4G Memory Card,accessories,"4GB microSD memory card for cameras entry-level smartphones and media players. Consistent read/write performance.",100,35,500
GW-8G Memory Card,accessories,"8GB microSD memory card for smartphones cameras and audio devices. Reliable everyday storage with stable performance.",130,45,500
GW-16G Memory Card,accessories,"16GB microSD memory card for smartphones cameras and dash cams. Good capacity for photos videos and apps.",150,55,500
GW-32G Memory Card,accessories,"32GB microSD card for smartphones cameras and media players. Ample storage for photos music and videos.",190,68,500
GW-64G Memory Card,accessories,"64GB microSD card for smartphones action cameras and dash cams. High capacity for video recording and media storage.",245,88,500
GW-128G Memory Card,accessories,"128GB microSD card for high-capacity storage on smartphones cameras and drones. Ideal for 4K video recording.",360,128,200
GW-170 2G USB Flash Drive,accessories,"2GB USB flash drive for document storage and file transfers. Compact and plug-and-play with USB 2.0 connector.",80,28,500
GW-170 4G USB Flash Drive,accessories,"4GB USB flash drive for portable file and document storage. Compact plug-and-play design with USB 2.0.",100,35,500
GW-170 8G USB Flash Drive,accessories,"8GB USB flash drive for photos documents and media. Compact and lightweight with USB 2.0 interface.",130,45,500
GW-170 16G USB Flash Drive,accessories,"16GB USB flash drive for carrying documents photos and media. Compact design with reliable USB 2.0 performance.",150,55,500
GW-170 32G USB Flash Drive,accessories,"32GB USB flash drive with good capacity for documents videos and software. Compact USB 2.0 plug-and-play.",180,65,500
GW-170 64G USB Flash Drive,accessories,"64GB USB flash drive for large media files backups and software. Compact with reliable USB 2.0 performance.",220,78,500
GW-170 128G USB Flash Drive,accessories,"128GB USB flash drive for large-capacity portable storage. Suitable for full backups software and media libraries.",270,95,200
G-124 Car Phone Bracket,automobile,"Universal car phone holder that mounts to dashboard or air vent. Adjustable grip holds phones securely while driving.",130,48,56
G-128 Car Phone Bracket,automobile,"Universal car phone mount for dashboard or windscreen. Secure grip with 360-degree rotation for easy viewing.",140,50,60
GW-163 Type-C Charger,chargers,"Single-port USB-C wall charger for fast charging modern smartphones. Compact plug suitable for home office and travel.",80,28,200
GW-154 USB Charger,chargers,"Single-port USB-A wall charger for standard charging of smartphones and tablets. Compact design for home and travel.",55,20,200
G-134 Power Bank 10000MAH,power-banks,"10000mAh portable power bank with USB-C input and dual USB-A output. Reliable backup charge for phones and tablets.",380,135,60
G-119 USB + Type-C + Lightning Charger,chargers,"3-in-1 wall charger with USB-A USB-C and Lightning output ports. Charges multiple devices simultaneously at full speed.",160,58,100
GW-180 3-in-1 Charging Cable,cables,"3-in-1 charging cable with Lightning USB-C and Micro-USB tips. One cable charges all major phone types.",150,55,200
GW-151 3-in-1 Charging Cable,cables,"3-in-1 charging cable compatible with Lightning USB-C and Micro-USB devices. Universal charging convenience.",110,40,200
C15-37-1 Cutting Blade 1.1-Inch,tools,"Small angle grinder cutting disc for light metal and tile work. 1.1-inch diameter for compact grinder use.",8,2.8,800
C15-37-2 Cutting Blade 4.5-Inch 180mm,tools,"4.5-inch 180x1.6mm angle grinder cutting disc for metal and steel. Standard fitment for 4.5-inch grinders.",25,9,200
C15-37-3 Cutting Blade 4.5-Inch 230mm,tools,"4.5-inch 230x1.9mm angle grinder cutting disc for steel and metal. Thicker disc for longer-lasting cuts.",30,11,100
C15-37-4 Sandpaper #60 Grit,tools,"#60 coarse-grit sandpaper for heavy material removal and rough surface preparation. Suitable for wood and metal.",3,1,1000
C15-37-5 Sandpaper #80 Grit,tools,"#80 medium-grit sandpaper for general sanding and surface smoothing. Works on wood filler and light rust removal.",3,1,1000
C15-37-6 Sandpaper #120 Grit,tools,"#120 fine-grit sandpaper for smooth finishing of wood and filler. Suitable for final sanding before painting.",3,1,1000
C15-37-7 Abrasive Cloth #120 Grit,tools,"Aluminium oxide abrasive cloth strip in #120 grit for hand sanding curved and flat surfaces. Flexible and durable.",5,1.8,500
C15-37-8 Abrasive Cloth #100 Grit,tools,"Aluminium oxide abrasive cloth in #100 grit for sanding wood metal and filler. Flexible for curved surfaces.",6,2,500
C15-37-9 Abrasive Cloth #80 Grit,tools,"Aluminium oxide abrasive cloth in #80 grit for medium material removal. Flexible strips for hand and block sanding.",7,2.5,500
C15-37-10 Wood Cutting Disc 40T GL23010,tools,"40-tooth 230mm wood cutting disc for circular saws and angle grinders. Clean cuts on soft and hardwood.",90,33,50
C15-37-11 Wood Cutting Disc 30T GL18010,tools,"30-tooth 180mm wood cutting disc for circular saws. Suitable for ripping and cross-cutting timber.",65,23,100
C15-37-12 Diamond Disc 30T 115mm GL11510,tools,"30-segment 115mm diamond cutting disc for tiles granite and stone. Fits standard 4.5-inch angle grinders.",40,14,200
C15-37-13 Diamond Disc 115mm GL11520,tools,"115mm dry-cut diamond disc for ceramic tiles and masonry. Standard 4.5-inch grinder fitment.",40,14,200
C15-37-14 Diamond Disc 180mm GL18020,tools,"180mm dry-cut diamond disc for tiles and stone. Fits 7-inch angle grinders for larger cutting jobs.",90,32,100
C15-37-15 Diamond Disc 230mm GL23020,tools,"230mm dry-cut diamond disc for large-scale tile and masonry cutting. Fits 9-inch angle grinders.",130,48,50
C15-38-1 Speaker Wire 2x10 50M Red-Black,cables,"50-metre reel of 2x10 red-and-black speaker wire for home audio and PA installations. Flexible copper conductor.",60,22,40
C15-38-2 Speaker Wire 2x0.3 100Y Red-Black,cables,"100-yard reel of 2x0.3mm red-and-black speaker wire for home audio wiring. Suitable for bookshelf speakers and surround setups.",85,30,30
C15-38-3 Speaker Wire 2x0.3 100Y Bulk,cables,"100-yard bulk reel of 2x0.3mm red-and-black speaker wire for professional audio installations. Sold per reel.",290,102,10
C15-40-3 Spray Gun 4-Piece Set,tools,"4-piece garden spray gun set with multiple nozzle patterns for watering and cleaning. Connects to standard garden hoses.",80,29,50
C15-42-2 JY-K34 3-Piece Knife Set,kitchen,"3-piece kitchen knife set in blister card. Includes chef knife utility knife and paring knife with matching handles.",130,45,72
C15-42-16 Jia Yuan 2-Piece Knife + Sharpening Rod,kitchen,"2-piece set with kitchen knife and matching sharpening steel. Keeps blades sharp for everyday cooking.",80,28,96
C15-42-17 LD11-1 8-Inch Chef Knife,kitchen,"8-inch stainless steel chef knife with ergonomic handle. Versatile all-purpose blade for chopping slicing and dicing.",40,15,144
C15-42-19 LD-11-5K 7.5-Inch Round-Hole Knife,kitchen,"7.5-inch chef knife with round holes along the blade to reduce food sticking. Sharp edge for daily kitchen prep.",40,15,144
C15-42-20 LD11-6 7.5-Inch Flat Cleaver,kitchen,"7.5-inch flat-top Chinese-style cleaver for vegetables and boneless meat. Comfortable handle and sharp stainless blade.",40,15,144
C15-42-21 Stainless Steel Oil Grid 3-Piece,kitchen,"3-piece set of straight-edge stainless steel oil grids for draining fried foods. Wide-border design for stability.",35,13,144
C15-42-24 Steak Knife Set J622 6-Piece,kitchen,"6-piece colourful-handle steak knife set with serrated stainless steel blades. Suitable for steak and table use.",45,16,144
C15-42-28 Stainless Steel Wire Grater,kitchen,"Fine-wire stainless steel grater for ginger garlic and hard cheese. Easy to clean and rust-resistant.",20,8,240
C15-42-32 9-Inch Square Heart Clip,kitchen,"Stainless steel square-heart pastry and food clip in 9-inch size. For folding wrapping and securing food packages.",35,12.5,240
C15-42-34 Scraper Blade,kitchen,"Flat-blade vegetable and food scraper for peeling and preparation work. Stainless steel for easy cleaning.",20,7.5,400
C15-42-35 Bottle Opener,kitchen,"Stainless steel can and bottle opener for kitchen use. Sturdy design for opening tins jars and bottles.",60,22,96
C15-42-36 Kitchen Scissors 024,kitchen,"Lightweight multi-purpose kitchen scissors for cutting herbs packaging and food. Stainless blades with comfort grip.",20,8,240
C15-42-37 Kitchen Scissors 038,kitchen,"Medium-duty kitchen scissors for food prep and packaging. Stainless steel blades with ergonomic comfort handle.",25,9,240
C15-42-39 Strong Scissors D-54,kitchen,"Heavy-duty strong-cut scissors for thick packaging materials and general kitchen cutting. Durable stainless blades.",55,20,240
C15-42-42 Black Knife Set 6-Piece,kitchen,"6-piece black-handle kitchen knife set for a complete cutting solution. Includes chef utility bread and paring knives.",100,35,50
C15-42-43 BK816 Star Bo Knife Set 8-Piece,kitchen,"8-piece knife block set with matching stainless knives and wooden stand. Complete kitchen knife solution for home chefs.",310,110,20
C15-42-44 18cm Wood Handle Strainer,kitchen,"18cm mesh strainer with long wooden handle for draining pasta noodles and vegetables. Heat-resistant handle.",55,20,200
C15-42-53 Plane Cutter 802611,kitchen,"Flat-blade plane cutter for slicing vegetables cheese and deli meats. Sharp stainless blade with comfortable handle.",60,22,200
C15-42-56 Pizza Cutter,kitchen,"Round-blade pizza cutter with comfortable handle. Sharp stainless steel wheel for clean slices through pizza and pastry.",25,9,144
C15-42-58 Black Angled Spatula,kitchen,"Black-handle angled spatula for flipping frying and serving. Durable nylon or stainless head for non-stick cookware.",30,10,240
C15-42-59 Stainless Steel 4-in-1 Bottle Opener,kitchen,"4-in-1 fat-handle bottle and can opener with multiple functions. Opens bottles cans jars and foil seals.",30,10,360
C15-42-60 Branch Pruning Scissors,household,"Heavy-duty pruning shears for cutting branches plants and garden shrubs. Stainless steel blades with grip handles.",80,29,120
0130-7 13-Piece Non-Stick Pot Set,kitchen,"13-piece non-stick cookware set including 16cm 18cm saucepans 22cm fry pan and 22cm soup pot. Even heat distribution.",360,128,10
0130-8 8-Piece Marble Soup Pot Set,kitchen,"8-piece black marble-coated soup pot set in 20/22/24/26cm sizes. Thick iron construction with iron-wire handles.",810,290,4
0130-9 32cm Stainless Steel Wok,kitchen,"32cm stainless steel wok with long handle for stir-frying and braising. Suitable for all hob types.",380,135,15
0130-10 32cm Granite Wok,kitchen,"32cm granite-coated non-stick wok for healthy low-oil cooking. Easy-release surface and comfortable long handle.",150,52,15
0130-11 Gold Line 10-Piece Cookware Set,kitchen,"10-piece gold-trim cookware set in 16-24cm sizes. Non-stick coating with matching lids for everyday family cooking.",490,175,12
0130-12 4-Piece Diamond Soup Pot Set,kitchen,"4-piece diamond-pattern soup pot set in 16/18/20/22cm. Wire ear handles and heavy-base construction for even heating.",460,165,12
0130-13 6-Piece Stainless Steel Pot Set,kitchen,"6-piece stainless steel pot set in 16/18/20cm sizes. Mirror-finish lids and durable construction for daily cooking.",460,165,12
0130-14 Export 10-Piece Gold Handle Cookware Set,kitchen,"10-piece export-quality cookware set with gold handles in 16-24cm. Non-stick coating with matching glass lids.",600,215,12
0130-15 Colorful 13-Piece Cookware Set,kitchen,"13-piece colourful non-stick cookware set for a complete kitchen solution. Includes various pots pans and lids.",410,148,10
0130-16 13-Piece Non-Stick Cookware Set,kitchen,"13-piece non-stick cookware set suitable for family cooking. Even heat distribution with durable coating.",320,115,16
0130-17 6-Piece Iron Soup Pot Set,kitchen,"6-piece iron soup pot set in 18/20/22cm. Heavy-base iron pots for soups stews and slow cooking.",480,170,10
ER-0278 Mini Straw Box 6-Piece,kitchen,"6-piece mini straw set in pull-out gift box. Reusable colourful straws suitable for drinks and entertaining.",85,30,40
22# 6-Piece Knife Box Set,kitchen,"6-piece knife set in presentation box with textured handles. Includes various steak and utility knives for table use.",100,35,50
Fan-Handle 6-Piece Black Knife Set,kitchen,"6-piece black fan-shaped-handle knife set with stainless steel blades. Stylish design for home kitchen use.",210,75,30
SG-9200 Knife Set,kitchen,"SG-9200 kitchen knife set with stainless steel blades and matching handles. Suitable for everyday meal preparation.",200,72,30
ER-0238A Large Craft Steak Knife 6-Piece,kitchen,"6-piece thick-handle steak knife set with serrated blades. Suitable for table use and steak cutting.",180,65,30
CL-P303 3-Piece Kitchen Knife Set,kitchen,"3-piece stainless kitchen knife set including chef utility and paring knife. Comfortable handles and sharp edges.",100,36,72
25cm Wire Mesh Basket,kitchen,"25cm round wire mesh basket for washing draining and storing vegetables and fruit. Rust-resistant wire construction.",55,20,100
8269S2 4-Sided Grater 9-Inch,kitchen,"9-inch four-sided box grater with fine medium coarse and slicer surfaces. Stainless steel with colour-coded handle.",50,18,96
8359S2 6-Sided Grater 9-Inch,kitchen,"9-inch six-sided box grater with multiple grating surfaces including zester. Colourful handle and stainless steel body.",70,25,96
FE01 Solid Spatula Black Handle,kitchen,"Flat-head solid nylon spatula with black handle for stir-frying and serving. Heat-resistant and non-scratch on non-stick.",35,12,144
FE02 Slotted Spatula Black Handle,kitchen,"Slotted nylon spatula with black handle for draining and flipping. Heat-resistant and suitable for non-stick cookware.",35,12,144
FE08 Pasta Strainer Ladle Black Handle,kitchen,"Pasta strainer ladle with round perforated head and black handle. Ideal for scooping and draining pasta or noodles.",35,12,144
FE06 Soup Ladle Black Handle,kitchen,"Deep-bowl soup ladle with long black handle for serving soups stews and sauces. Heat-resistant nylon construction.",35,12,144
FE07 Strainer Ladle Black Handle,kitchen,"Fine-mesh strainer ladle with black handle for skimming soups and sauces. Heat-resistant for everyday kitchen use.",35,12,144
FE10 Egg Whisk Black Handle,kitchen,"Wire egg whisk with black handle for beating eggs cream and batters. Flexible wire loops for efficient mixing.",35,12,144
K-001 Black Handle Cleaver Blister Pack,kitchen,"Black-handle vegetable cleaver in retail blister card. Sharp stainless steel blade for chopping and daily kitchen prep.",80,28,120
K-601 Orange Handle Cleaver Blister Pack,kitchen,"Orange-handle vegetable cleaver in retail blister card. Sharp stainless steel blade for daily cooking prep.",70,25,120
GF-7 Inch Japanese Gold-Spray Knife,kitchen,"7-inch Japanese-style chef knife with gold spray finish and blade cover. Sharp stainless blade for everyday cooking.",55,20,144
JY-B24 Knife and Sharpening Rod Set,kitchen,"2-piece set including a kitchen knife and matching sharpening steel. Keeps blades sharp for reliable kitchen use.",80,28,96
LD11-2 8-Inch Meat Cleaver,kitchen,"8-inch stainless steel meat cleaver for cutting boneless meat and vegetables. Comfortable handle and durable blade.",40,15,144
C-110 Plastic Handle Cleaver,kitchen,"1.2mm stainless steel Chinese cleaver with plastic handle. Suitable for vegetables and everyday kitchen cutting.",55,20,120
LXG410 12-Inch Plum Blossom Tongs,kitchen,"12-inch decorative tong clip for serving and plating food. Lightweight stainless steel with spring mechanism.",17,6,500
LXG410 10-Inch Plum Blossom Tongs,kitchen,"10-inch stainless steel tong clip for food serving and plating. Compact spring-loaded design for easy one-hand use.",15,5.5,500
LS2B Fork Small Knife Set,kitchen,"Plastic-handle fork and small knife combination for light cutting and serving tasks. Lightweight and easy to clean.",35,13,288
XB2022#D10 Egg Tongs 10-Inch,kitchen,"10-inch stainless steel egg and food tongs for lifting and turning during cooking. Heat-resistant and easy to grip.",30,10,360
M06-41 U-Type Ginger Grater,kitchen,"U-shaped stainless steel grater for ginger garlic and hard spices. Fine grating surface with comfortable grip.",35,13,240
BM Plastic-Edge Round Grater,kitchen,"Round-handle plastic-edge box grater for vegetables and cheese. Multiple grating faces for versatile food prep.",20,7.5,400
HT054-2 Wide-Rim Mesh Strainer,kitchen,"Wide-rim mesh strainer in 7 and 11.5-inch sizes for draining vegetables pasta and noodles. Stainless mesh construction.",30,10,144
T-013 Wood Base 8-Piece Knife Block Set,kitchen,"8-piece kitchen knife set with wooden block stand. Includes chef utility bread and steak knives for complete home kitchen.",310,110,20
20cm Wood Handle Strainer,kitchen,"20cm mesh strainer with long wooden handle for draining and scooping. Reinforced frame for heavy daily use.",100,37,200
10cm Ashtray,household,"10cm round glass or ceramic ashtray for indoor use. Compact size with stable base for home or office use.",20,8,350
12cm Ashtray,household,"12cm round ashtray with wider base for indoor use. Suitable for home bars restaurants and offices.",25,9,240
D7500 Large-Mouth Nail Card,accessories,"Large-mouth nail blister card display for retail hardware. Used for mounting and displaying small fixings.",14,5,360
YB-209 Vegetable Grater,kitchen,"Compact flat vegetable grater with fine grating surface. Suitable for grating ginger garlic and hard vegetables.",14,5,480
MYD6603 Vegetable Grater,kitchen,"Compact flat grater for fine grating of vegetables spices and cheese. Easy-to-clean stainless grating surface.",15,5.5,480
MYD6637 Vegetable Grater,kitchen,"Flat vegetable grater with slightly larger grating area. Suitable for grating vegetables hard cheese and spices.",17,6,525
AJM8853 Vegetable Grater,kitchen,"Multi-surface vegetable and food grater with ergonomic design. Sharp stainless grating surface for quick food prep.",35,12,240
GJ-313 Vegetable Grater,kitchen,"Rotary or flat multi-surface food grater for vegetables cheese and ginger. Durable stainless construction.",60,22,480
Small Garlic Mortar Set,kitchen,"Small mortar and pestle set for crushing garlic herbs and spices. Includes net bag for easy cleanup.",40,14,80
3-Piece Two-Colour Knife Set,kitchen,"3-piece two-tone handled kitchen knife set including chef paring and utility knife. Clearance line at discounted price.",35,12,240
TA-201 Kitchen Spatula,kitchen,"General-purpose kitchen spatula for frying flipping and serving. Lightweight and heat-resistant for daily use.",20,8,600
WL-264 36cm Dish Rack,kitchen,"36cm stainless steel dish draining rack for drying plates cups and cutlery. Slotted design for efficient air drying.",260,92,12
C15-44-1 KZH Stainless Steel Spoon 12-Pack,kitchen,"Pack of 12 KZH brand stainless steel dessert spoons with decorative fan-tail handle. Suitable for everyday table use.",30,10,100
C15-44-2 KZH Stainless Steel Fork 12-Pack,kitchen,"Pack of 12 KZH stainless steel dinner forks with decorative fan-tail handle. Suitable for everyday dining.",30,10,100
C15-44-3 KZH Stainless Steel Knife 12-Pack,kitchen,"Pack of 12 KZH stainless steel table knives with fan-tail handle. Suitable for everyday cutting and dining.",60,22,100
C15-44-5 SCF Spoon 6-Pack,kitchen,"Pack of 6 SCF kitchen series stainless steel spoons with machine-polished handles. Suitable for everyday table use.",40,14,100
C15-44-6 SCF Fork 6-Pack,kitchen,"Pack of 6 SCF kitchen series stainless steel forks with machine-polished handles. Suitable for everyday dining.",40,14,100
0144-13 SCF Silver Knife 6-Pack,kitchen,"Pack of 6 SCF silver-finish stainless steel table knives with polished handles. For everyday dining and meal service.",50,18,100
C15-44-7 SCF Gold Spoon 6-Pack,kitchen,"Pack of 6 SCF gold-finish stainless steel spoons with titanium grape-flower handle design. Elegant table setting.",40,15,100
C15-44-8 SCF Gold Fork 6-Pack,kitchen,"Pack of 6 SCF gold-finish stainless steel forks with titanium grape-flower handle. Elegant for special occasions.",40,15,100
0144-14 SCF Gold Knife 6-Pack,kitchen,"Pack of 6 SCF gold-finish stainless steel table knives with titanium grape-flower handle. For formal or everyday dining.",110,38,100
C15-47-1 Pumpkin Bowl 4.5-Inch,kitchen,"4.5-inch ceramic pumpkin-shaped bowl for condiments snacks and small servings. Decorative design for table use.",14,5,120
C15-47-2 Pumpkin Bowl Medium,kitchen,"Medium ceramic pumpkin-shaped bowl for snacks soups and condiments. Decorative design suitable for table settings.",17,6,90
C15-47-3 Ceramic Bowl,kitchen,"Ceramic everyday dining bowl suitable for rice noodles and soups. Durable glaze finish for daily household use.",15,5.5,100
C15-47-4 Pearl-Dot Bowl 6-Piece Design,kitchen,"Ceramic bowl with 6-pearl-dot embossed pattern. Durable glaze finish suitable for rice soup and daily dining.",35,12.5,48
C15-47-5 Bowl 7-Inch Black-Edge,kitchen,"7-inch ceramic bowl with black-edge rim design. Suitable for noodles soups and main-course servings.",40,15,36
C15-47-6 Bowl 9.5-Inch,kitchen,"9.5-inch large ceramic bowl for generous servings of noodles salads and soups. Durable glazed finish.",100,36,16
C15-47-7 Dish 8-Pearl-Dot,kitchen,"Ceramic side dish with 8-pearl-dot embossed border. Suitable for condiments snacks and side servings.",20,8,60
C15-47-8 Pumpkin Bowl Medium-Large,kitchen,"Medium-large ceramic pumpkin-shaped bowl for soups and servings. Decorative design for everyday and occasion use.",40,14,40
C15-47-9 Bowl 9-Pearl-Dot,kitchen,"Ceramic bowl with 9-pearl-dot embossed pattern. Suitable for rice noodles and everyday dining.",40,14,40
C15-47-10 Bowl 8-Pearl-Dot,kitchen,"Ceramic bowl with 8-pearl-dot embossed rim design. Versatile size for rice soup cereal and daily use.",35,13,40
C15-47-11 Printed Fruit Plate,kitchen,"Ceramic plate with printed fruit pattern design. Suitable for snacks desserts and light meals.",35,13,60
C15-47-12 Bowl 7-Inch Aviation Style,kitchen,"7-inch ceramic bowl with aviation-style design. Lightweight feel and durable glaze for everyday dining.",20,8,60
C15-47-13 Bowl 6-Inch Deep,kitchen,"6-inch deep ceramic bowl suitable for soups cereals and side dishes. Standard daily-use glaze finish.",20,7,80
C15-47-14 Plate 10-Inch Embossed,kitchen,"10-inch ceramic plate with embossed floral relief border. Suitable for main courses and everyday family dining.",35,12,36
C15-47-15 Large Bullet Cup,kitchen,"Large ceramic bullet-shaped cup for tea coffee and hot beverages. Sturdy glaze finish for daily use.",25,9,48
C15-47-16 Small Bullet Cup,kitchen,"Small ceramic bullet-shaped cup for espresso tea and hot drinks. Compact size for everyday use.",20,7,72
C15-47-17 16-Piece Stoneware Dinnerware Set,kitchen,"16-piece stoneware dinnerware set including plates bowls and mugs. Durable finish for family everyday dining.",670,240,2
C15-47-18 White Cup Set 48-Pack,kitchen,"White ceramic cup for tea coffee and hot beverages. Classic plain design suitable for home office and hospitality.",30,11,72
C15-47-19 White Cup Set 48-Pack (variant),kitchen,"White ceramic cup with standard round design for tea and coffee. Plain glaze finish for home and café use.",30,11,72
C15-47-20 Gold-Rim Cup,kitchen,"Ceramic cup with gold-rim accent for tea coffee and hot drinks. Elegant finish for home or gift use.",30,11,48
C15-47-21 Colored Glaze Cup,kitchen,"Ceramic cup with coloured glaze finish available in assorted colours. Suitable for hot and cold beverages.",25,9,48
C15-47-23 Ceramic Cup,kitchen,"Plain ceramic cup for everyday tea and coffee use. Smooth glaze finish and comfortable handle for daily drinking.",30,11,72
C15-47-24 Fired Glaze Cup,kitchen,"Ceramic cup with fired-glaze decorative pattern. Suitable for hot beverages and everyday home or café use.",30,11,48
C15-47-25 Fired Glaze Cup (variant),kitchen,"Ceramic cup with fired-glaze design in alternate pattern. For hot beverages and everyday home use.",30,11,48
C15-47-26 Fired Glaze Cup RX-6,kitchen,"Ceramic cup with RX-6 fired-glaze decoration. Suitable for hot beverages in home or hospitality settings.",30,11.5,72
C15-47-27 Ceramic Cup (large),kitchen,"Larger ceramic cup for tea coffee and hot beverages. Smooth glaze and sturdy handle for comfortable daily use.",35,12,48
C15-47-28 Hand-Painted Plate,kitchen,"Ceramic plate with hand-painted decorative design. Suitable for serving snacks desserts and light meals.",30,10.5,30
C15-47-29 Double-Plate Set 10.5-Inch,kitchen,"10.5-inch two-person ceramic plate set. Matching plates with decorative design for everyday paired dining.",30,11,30
C16-21-4 Happy Every Day Water Bottle,kitchen,"Plastic water bottle with Happy Every Day print. Leak-proof lid and comfortable grip for daily hydration.",90,33,50
C16-21-5 Luck Bear Cup,kitchen,"Cute bear-themed plastic drinking cup with lid. Compact and leak-resistant for kids and on-the-go use.",75,26,80
C16-21-7 GF095 Water Bottle,kitchen,"Single-wall plastic water bottle with secure screw cap. Lightweight for daily hydration at home or gym.",50,18,80
C16-21-8 GF094 Water Bottle,kitchen,"Single-wall plastic water bottle with secure cap. Slim and lightweight for everyday water intake.",50,17,80
C16-21-11 3-Piece GH5373 Diamond Water Bottle Set,kitchen,"Set of 3 diamond-textured plastic water bottles. Matching set for home gym and office hydration.",160,58,48
C16-21-12 GH69958 Vacuum Coffee Cup,kitchen,"Temperature-displaying vacuum insulated coffee cup. Keeps beverages hot or cold with digital temperature readout.",110,40,50
C16-21-13 GH699781 Car Cup,kitchen,"Stainless steel vacuum-insulated car cup designed to fit standard vehicle cup holders. Keeps drinks hot or cold.",180,65,25
C16-21-14 Black Car Cup,kitchen,"Black stainless steel vacuum-insulated car cup for hot and cold beverages. Fits standard car cup holders.",180,65,25
C16-21-15 White Car Cup,kitchen,"White stainless steel vacuum-insulated travel cup for beverages. Fits standard vehicle cup holders.",180,65,25
C16-21-16 900ml Handle Cup,kitchen,"900ml plastic handle cup with secure lid for large hydration needs. Comfortable grip handle for home gym and office.",140,50,50
C16-21-17 800ml Sport Bottle,kitchen,"800ml insulated sport bottle with leak-proof lid. Keeps beverages cold or warm during workouts and outdoor activities.",150,52,50
C16-21-18 1000ml Sport Bottle,kitchen,"1000ml large-capacity insulated sport bottle for extended hydration. Suitable for gym hiking and outdoor sports.",160,56,50
C16-40-32 6-Piece Professional Wrench Set,tools,"6-piece combination wrench set for automotive and mechanical work. Chrome-vanadium steel for durability.",110,40,40
C16-40-75 Electric Soldering Iron,tools,"Electric soldering iron for electronics wiring and circuit board work. Standard tip for general soldering tasks.",45,16,100
C16-40-97 46-Piece Socket Tool Set,tools,"46-piece socket and screwdriver bit set for mechanical and DIY work. Includes metric and standard sockets with ratchet.",130,46,24
C15-40-100 Professional Fold Tool Set,tools,"Professional folding multi-tool set with comprehensive socket screwdriver and wrench collection. Full kit for trade use.",1820,650,1
C15-40-69 3-Piece Adjustable Wrench Set,tools,"3-piece adjustable spanner set in graduated sizes. Chrome-vanadium steel for strong grip on nuts and bolts.",250,88,24
C16-40-38 4x200mm Black Cable Ties Pack,tools,"Pack of black 4x200mm nylon cable ties for bundling wires and cables. UV-resistant and strong locking head.",17,6,300
C15-40-39 4x300mm Black Cable Ties Pack,tools,"Pack of black 4x300mm nylon cable ties for larger wire and cable bundles. UV-resistant with strong locking mechanism.",25,8.5,200
C16-40-101 4x400mm Black Cable Ties Pack,tools,"Pack of black 4x400mm heavy-duty nylon cable ties. UV-resistant for indoor and outdoor wire management.",35,12,150
C16-40-102 4x500mm Black Cable Ties Pack,tools,"Pack of black 4x500mm extra-long nylon cable ties for large bundles and heavy-duty applications.",45,16,120
C16-40-103 115-Piece Screwdriver Set,tools,"115-piece screwdriver and bit set with Phillips flathead Torx and hex bits. Includes extension bar and socket adapters.",120,42,50
C15-36-5 Baglock Dik Arc-Shell Padlock 12-Pack,tools,"12-piece arc-shell padlock set in blister card. Standard shackle with key for home storage and light security.",170,62,20
C15-36-28 60mm Zhoushi Gold Padlock,tools,"60mm gold-finish padlock with key. Standard shackle suitable for gates sheds luggage and light security.",40,15,72
C15-36-35 50mm Dikas D60 Silver Padlock,tools,"50mm silver Dikas D60 padlock with hardened shackle. Suitable for gates storage units and medium-security applications.",85,30,72
C15-36-36 60mm Dikas D60 Silver Padlock,tools,"60mm silver Dikas D60 padlock with hardened shackle for stronger security. Suitable for gates and storage facilities.",90,33,72
C15-36-37 70mm Dikas D70 Silver Padlock,tools,"70mm heavy-duty silver Dikas D70 padlock with reinforced shackle for high-security outdoor applications.",110,38,72
