name,category,retail_price,stock_status,slug
2202 5W Mini Hair Clipper,Accessories,150.00,in_stock,2202-5w-mini-hair-clipper
450ml Non-Corrosive Professional Car Paint Remover,Accessories,289.00,in_stock,450ml-non-corrosive-professional-car-paint-remover
A005 Bluetooth Speaker,Accessories,150.00,in_stock,a005-bluetooth-speaker
C15-25-1 80x80 Thermal Receipt Paper Roll,Accessories,35.00,in_stock,c15-25-1-80x80-thermal-receipt-paper-roll
C15-25-19 Foam Double-Sided Mounting Tape 7.8cm,Accessories,10.00,in_stock,c15-25-19-foam-double-sided-mounting-tape-78cm
C15-25-2 57x40 Thermal Receipt Paper Roll,Accessories,7.00,in_stock,c15-25-2-57x40-thermal-receipt-paper-roll
C15-25-20 Foam Double-Sided Mounting Tape 2pc 9.2cm,Accessories,18.00,in_stock,c15-25-20-foam-double-sided-mounting-tape-2pc-92cm
C15-25-21 Masking Tape 20m x 4.5cm,Accessories,25.00,in_stock,c15-25-21-masking-tape-20m-x-45cm
C15-25-22 Masking Tape 20m x 2.4cm Narrow,Accessories,13.00,in_stock,c15-25-22-masking-tape-20m-x-24cm-narrow
C15-25-23 Nano Double-Sided Tape 3m x 1.8cm,Accessories,20.00,in_stock,c15-25-23-nano-double-sided-tape-3m-x-18cm
C15-25-24 Nano Double-Sided Mounting Tape 3m x 3cm,Accessories,25.00,in_stock,c15-25-24-nano-double-sided-mounting-tape-3m-x-3cm
C15-25-3 50m x 4.5cm Clear Packaging Tape,Accessories,18.00,in_stock,c15-25-3-50m-x-45cm-clear-packaging-tape
C15-25-36 5500 Price Label Gun,Accessories,115.00,in_stock,c15-25-36-5500-price-label-gun
C15-25-37 Price Label Sticker Roll 500 Labels,Accessories,45.00,in_stock,c15-25-37-price-label-sticker-roll-500-labels
C15-25-38 Sticky Tape Set 3-Roll with Dispenser,Accessories,22.00,in_stock,c15-25-38-sticky-tape-set-3-roll-with-dispenser
C15-25-39 Desktop Tape Dispenser 8808,Accessories,50.00,in_stock,c15-25-39-desktop-tape-dispenser-8808
C15-25-4 100m x 4.5cm Clear Packaging Tape,Accessories,28.00,in_stock,c15-25-4-100m-x-45cm-clear-packaging-tape
C15-25-40 Plastic Tape Dispenser 4.8cm,Accessories,36.00,in_stock,c15-25-40-plastic-tape-dispenser-48cm
C15-25-5 200m x 4.5cm Clear Packaging Tape,Accessories,45.00,in_stock,c15-25-5-200m-x-45cm-clear-packaging-tape
C15-25-6 300m x 4.5cm Clear Packaging Tape,Accessories,65.00,in_stock,c15-25-6-300m-x-45cm-clear-packaging-tape
C15-27-1 PM-2006 Pearl Max 708 Razor Handle Set,Accessories,90.00,in_stock,c15-27-1-pm-2006-pearl-max-708-razor-handle-set
C15-27-2 PM-2002 Pearl Max Green Comfort Razor Set,Accessories,110.00,in_stock,c15-27-2-pm-2002-pearl-max-green-comfort-razor-set
C15-27-3 PM-2603B Pearl Max Rubber-Handle Disposable Razor 8-Pack,Accessories,35.00,in_stock,c15-27-3-pm-2603b-pearl-max-rubber-handle-disposable-razor-8-pack
C15-27-4 PM-3004B Pearl Max Seahorse 3-Blade Disposable Razor 3-Pack,Accessories,30.00,in_stock,c15-27-4-pm-3004b-pearl-max-seahorse-3-blade-disposable-razor-3-pack
C15-27-5 PMD-007 Pearl Max Double-Edge Razor Blades 100-Pack,Accessories,100.00,in_stock,c15-27-5-pmd-007-pearl-max-double-edge-razor-blades-100-pack
C15-27-6 PM-2610B Pearl Max Twin-Blade Disposable Razor 6-Pack,Accessories,18.00,in_stock,c15-27-6-pm-2610b-pearl-max-twin-blade-disposable-razor-6-pack
C15-32-3 Ladies Square Shower Cap for Curly Hair,Accessories,20.00,in_stock,c15-32-3-ladies-square-shower-cap-for-curly-hair
C15-32-4 Bear-Themed Kids Personal Care Pack (Pink & Blue),Accessories,30.00,in_stock,c15-32-4-bear-themed-kids-personal-care-pack-pink-blue
C15-34-1 LUDE 100g Black Shoe Polish,Accessories,30.00,in_stock,c15-34-1-lude-100g-black-shoe-polish
C15-34-2 LUDE 40g Neutral Shoe Polish,Accessories,13.00,in_stock,c15-34-2-lude-40g-neutral-shoe-polish
C15-34-7 QJ804 Plastic Soap Dish,Accessories,17.00,in_stock,c15-34-7-qj804-plastic-soap-dish
C15-34-8 BC120 Lidded Plastic Soap Box,Accessories,18.00,in_stock,c15-34-8-bc120-lidded-plastic-soap-box
C15-34-9 BC124 Plastic Soap Box with Decorative Lid,Accessories,17.00,in_stock,c15-34-9-bc124-plastic-soap-box-with-decorative-lid
C15-43-1 Basketball,Accessories,110.00,in_stock,c15-43-1-basketball
C15-43-10 Flashing Spiky Ball,Accessories,25.00,in_stock,c15-43-10-flashing-spiky-ball
C15-43-10 Whistle 24-Pack,Accessories,65.00,in_stock,c15-43-10-whistle-24-pack
C15-43-12 Watermelon Ball,Accessories,11.00,in_stock,c15-43-12-watermelon-ball
C15-43-3 Golf-Style Football,Accessories,80.00,in_stock,c15-43-3-golf-style-football
C15-43-3 Size 4 Football,Accessories,70.00,in_stock,c15-43-3-size-4-football
C15-43-4 Mini Football,Accessories,45.00,in_stock,c15-43-4-mini-football
C15-43-5 PVC Mini Football,Accessories,60.00,in_stock,c15-43-5-pvc-mini-football
C15-43-6 PVC Football PLLE,Accessories,210.00,in_stock,c15-43-6-pvc-football-plle
C15-43-7 Rugby Football,Accessories,140.00,in_stock,c15-43-7-rugby-football
C15-43-8 Tennis Balls Pack,Accessories,60.00,in_stock,c15-43-8-tennis-balls-pack
C15-43-9 Bouncy Ball 7cm,Accessories,20.00,in_stock,c15-43-9-bouncy-ball-7cm
C16-43-19 Flower Basketball,Accessories,85.00,in_stock,c16-43-19-flower-basketball
C16-43-20 New Style Basketball,Accessories,150.00,in_stock,c16-43-20-new-style-basketball
C16-43-21 Basketball Needle,Accessories,75.00,in_stock,c16-43-21-basketball-needle
C16-43-9 Football,Accessories,60.00,in_stock,c16-43-9-football
Charge Mini3 Bluetooth Speaker,Accessories,200.00,in_stock,charge-mini3-bluetooth-speaker
CV307N Football,Accessories,55.00,in_stock,cv307n-football
D7500 Large-Mouth Nail Card,Accessories,14.00,in_stock,d7500-large-mouth-nail-card
GF588 Hair Clipper,Accessories,90.00,in_stock,gf588-hair-clipper
Gold Copper Styling Comb,Accessories,180.00,in_stock,gold-copper-styling-comb
"GW Professional Hair Clipper with LCD Display, 4 Guide Combs, USB Rechargeable, Cleaning Brush Included - GW-9775",Accessories,299.00,in_stock,gw-professional-hair-clipper-with-lcd-display-4-guide-combs-usb-rechargeable-cle-1
GW-002 Hair Straightener,Accessories,50.00,in_stock,gw-002-hair-straightener
GW-128G Memory Card,Accessories,360.00,in_stock,gw-128g-memory-card
GW-16G Memory Card,Accessories,150.00,in_stock,gw-16g-memory-card
GW-170 128G USB Flash Drive,Accessories,270.00,in_stock,gw-170-128g-usb-flash-drive
GW-170 16G USB Flash Drive,Accessories,150.00,in_stock,gw-170-16g-usb-flash-drive
GW-170 2G USB Flash Drive,Accessories,80.00,in_stock,gw-170-2g-usb-flash-drive
GW-170 32G USB Flash Drive,Accessories,180.00,in_stock,gw-170-32g-usb-flash-drive
GW-170 4G USB Flash Drive,Accessories,100.00,in_stock,gw-170-4g-usb-flash-drive
GW-170 64G USB Flash Drive,Accessories,220.00,in_stock,gw-170-64g-usb-flash-drive
GW-170 8G USB Flash Drive,Accessories,130.00,in_stock,gw-170-8g-usb-flash-drive
GW-2215 Hair Straightener,Accessories,160.00,in_stock,gw-2215-hair-straightener
GW-2G Memory Card,Accessories,80.00,in_stock,gw-2g-memory-card
GW-32G Memory Card,Accessories,190.00,in_stock,gw-32g-memory-card
GW-4G Memory Card,Accessories,100.00,in_stock,gw-4g-memory-card
GW-64G Memory Card,Accessories,245.00,in_stock,gw-64g-memory-card
GW-6568 Hair Dryer 6000W,Accessories,245.00,in_stock,gw-6568-hair-dryer-6000w
GW-6576 Hair Dryer 6000W,Accessories,280.00,in_stock,gw-6576-hair-dryer-6000w
GW-6650 Hair Dryer 3000W,Accessories,265.00,in_stock,gw-6650-hair-dryer-3000w
GW-7622 Styling Comb,Accessories,330.00,in_stock,gw-7622-styling-comb
GW-7696 Hair Straightener,Accessories,220.00,in_stock,gw-7696-hair-straightener
GW-8G Memory Card,Accessories,130.00,in_stock,gw-8g-memory-card
GW-9736 Hair Clipper,Accessories,290.00,in_stock,gw-9736-hair-clipper
GW-9775 Hair Clipper,Accessories,220.00,in_stock,gw-9775-hair-clipper
GW-9781 Gold Hair Clipper,Accessories,90.00,in_stock,gw-9781-gold-hair-clipper
GW-9862 Coloured Hair Clipper,Accessories,100.00,in_stock,gw-9862-coloured-hair-clipper
GW6558 3000W Hair Dryer,Accessories,245.00,in_stock,gw6558-3000w-hair-dryer
GW7652 Copper Styling Comb,Accessories,200.00,in_stock,gw7652-copper-styling-comb
GW7669 Hair Straightener Comb,Accessories,200.00,in_stock,gw7669-hair-straightener-comb
HF-F3 Solar Bluetooth Speaker,Accessories,410.00,in_stock,hf-f3-solar-bluetooth-speaker
HF-F81 Solar Bluetooth Speaker,Accessories,380.00,in_stock,hf-f81-solar-bluetooth-speaker
PLUSE5 Bluetooth Speaker,Accessories,420.00,in_stock,pluse5-bluetooth-speaker
RS8801 Football,Accessories,65.00,in_stock,rs8801-football
"Stainless Steel Putty Knife Set, Ergonomic Non-Slip 225mm Handle length, Available in 75mm, 100mm, & 125mm Blade Widths",Accessories,299.00,in_stock,stainless-steel-putty-knife-set-ergonomic-non-slip-225mm-handle-length-available
T9 Professional Hair Clipper,Accessories,100.00,in_stock,t9-professional-hair-clipper
VBT0812 Hair Clipper,Accessories,160.00,in_stock,vbt0812-hair-clipper
VBT0813 Hair Clipper,Accessories,160.00,in_stock,vbt0813-hair-clipper
Vintage T9 Hair Clipper,Accessories,70.00,in_stock,vintage-t9-hair-clipper
WG-662 Hair Dryer 1000W,Accessories,110.00,in_stock,wg-662-hair-dryer-1000w
1-42 Blister Pack Vehicle Headlight Bulb,Automobile,130.00,in_stock,1-42-blister-pack-vehicle-headlight-bulb
1-43 Blister Pack Vehicle Headlight Bulb,Automobile,130.00,in_stock,1-43-blister-pack-vehicle-headlight-bulb
C103-77-18 LED DRL Strip Light,Automobile,50.00,in_stock,c103-77-18-led-drl-strip-light
C103-77-5 Vehicle Park Light Bulb,Automobile,35.00,in_stock,c103-77-5-vehicle-park-light-bulb
C15-25-25 6-Piece Tubeless Tyre Repair Kit,Automobile,25.00,in_stock,c15-25-25-6-piece-tubeless-tyre-repair-kit
C5-1-48 Vehicle Park Light Bulb,Automobile,35.00,in_stock,c5-1-48-vehicle-park-light-bulb
C5-1-49 Vehicle Park Light Bulb,Automobile,40.00,in_stock,c5-1-49-vehicle-park-light-bulb
C5-1-50 Vehicle Park Light Bulb,Automobile,35.00,in_stock,c5-1-50-vehicle-park-light-bulb
C5-1-58 Daytime Running Light (DRL),Automobile,120.00,in_stock,c5-1-58-daytime-running-light-drl
C5-1-59 Daytime Running Light (DRL),Automobile,120.00,in_stock,c5-1-59-daytime-running-light-drl
C5-1-60 Daytime Running Light (DRL),Automobile,100.00,in_stock,c5-1-60-daytime-running-light-drl
Car Light 3-LED Auxiliary,Automobile,150.00,in_stock,car-light-3-led-auxiliary
Car Light 3.5-Inch Round LED,Automobile,480.00,in_stock,car-light-35-inch-round-led
Car Light 4-Inch Round LED,Automobile,590.00,in_stock,car-light-4-inch-round-led
Car Light 4-LED Auxiliary,Automobile,210.00,in_stock,car-light-4-led-auxiliary
Car Light 7-Inch Round LED,Automobile,640.00,in_stock,car-light-7-inch-round-led
Car Light 9-Inch Round LED,Automobile,1120.00,in_stock,car-light-9-inch-round-led
CX1156-12 Single-Contact Brake Light Bulb 12-Pack,Automobile,35.00,in_stock,cx1156-12-single-contact-brake-light-bulb-12-pack
CX1156-144 Single-Contact Brake Light Bulb 144-Pack,Automobile,90.00,in_stock,cx1156-144-single-contact-brake-light-bulb-144-pack
CX1156-3 Single-Contact Brake Light Bulb 3-Pack,Automobile,30.00,in_stock,cx1156-3-single-contact-brake-light-bulb-3-pack
CX1157-12 Dual-Contact Brake Light Bulb 12-Pack,Automobile,35.00,in_stock,cx1157-12-dual-contact-brake-light-bulb-12-pack
CX1157-144 Dual-Contact Brake Light Bulb 144-Pack,Automobile,90.00,in_stock,cx1157-144-dual-contact-brake-light-bulb-144-pack
CX1157-3 Dual-Contact Brake Light Bulb 3-Pack,Automobile,30.00,in_stock,cx1157-3-dual-contact-brake-light-bulb-3-pack
CX98-47 Vehicle Park Light Bulb,Automobile,30.00,in_stock,cx98-47-vehicle-park-light-bulb
CX98-57 Daytime Running Light (DRL),Automobile,110.00,in_stock,cx98-57-daytime-running-light-drl
CXT10-4014-24 T10 Vehicle Park Light Bulb,Automobile,35.00,in_stock,cxt10-4014-24-t10-vehicle-park-light-bulb
CXT10-4014-30 T10 Vehicle Park Light Bulb,Automobile,55.00,in_stock,cxt10-4014-30-t10-vehicle-park-light-bulb
CXT5-2016-6 T5 Vehicle Park Light Bulb,Automobile,20.00,in_stock,cxt5-2016-6-t5-vehicle-park-light-bulb
CXT5-2016-8 T5 Vehicle Park Light Bulb,Automobile,20.00,in_stock,cxt5-2016-8-t5-vehicle-park-light-bulb
CXT5-2835-3 T5 Vehicle Park Light Bulb,Automobile,17.00,in_stock,cxt5-2835-3-t5-vehicle-park-light-bulb
CXT5-3014-2 T5 Vehicle Park Light Bulb,Automobile,17.00,in_stock,cxt5-3014-2-t5-vehicle-park-light-bulb
CXT5-3030-27 T5 Vehicle Park Light Bulb,Automobile,110.00,in_stock,cxt5-3030-27-t5-vehicle-park-light-bulb
CXT5-4014-7 T5 Vehicle Park Light Bulb,Automobile,20.00,in_stock,cxt5-4014-7-t5-vehicle-park-light-bulb
CXT5-5630-2 T5 Vehicle Park Light Bulb,Automobile,17.00,in_stock,cxt5-5630-2-t5-vehicle-park-light-bulb
G-124 Car Phone Bracket,Automobile,130.00,in_stock,g-124-car-phone-bracket
G-128 Car Phone Bracket,Automobile,140.00,in_stock,g-128-car-phone-bracket
NA-24 Vehicle Park Light Bulb,Automobile,65.00,in_stock,na-24-vehicle-park-light-bulb
NA-46 Vehicle Park Light Bulb,Automobile,100.00,in_stock,na-46-vehicle-park-light-bulb
NA-49 Daytime Running Light (DRL),Automobile,90.00,in_stock,na-49-daytime-running-light-drl
NA-65 Vehicle Park Light Bulb,Automobile,35.00,in_stock,na-65-vehicle-park-light-bulb
NA-67 Vehicle Park Light Bulb,Automobile,35.00,in_stock,na-67-vehicle-park-light-bulb
NA-73 Round Daytime Running Light (DRL),Automobile,90.00,in_stock,na-73-round-daytime-running-light-drl
NA-82 Vehicle Park Light Bulb,Automobile,60.00,in_stock,na-82-vehicle-park-light-bulb
NA-85-31 Vehicle Park Light Bulb,Automobile,35.00,in_stock,na-85-31-vehicle-park-light-bulb
NA-85-39 Vehicle Park Light Bulb,Automobile,45.00,in_stock,na-85-39-vehicle-park-light-bulb
NG-28 Owl Decorative Vehicle Light,Automobile,60.00,in_stock,ng-28-owl-decorative-vehicle-light
C15-38-1 Speaker Wire 2x10 50M Red-Black,Cables,60.00,in_stock,c15-38-1-speaker-wire-2x10-50m-red-black
C15-38-2 Speaker Wire 2x0.3 100Y Red-Black,Cables,85.00,in_stock,c15-38-2-speaker-wire-2x03-100y-red-black
C15-38-3 Speaker Wire 2x0.3 100Y Bulk,Cables,290.00,in_stock,c15-38-3-speaker-wire-2x03-100y-bulk
GW-104A USB to iPhone Cable,Cables,65.00,in_stock,gw-104a-usb-to-iphone-cable
GW-104B USB to Type-C Cable,Cables,65.00,in_stock,gw-104b-usb-to-type-c-cable
GW-104C Type-C to iPhone Cable,Cables,80.00,in_stock,gw-104c-type-c-to-iphone-cable
GW-104D Type-C to Type-C Cable,Cables,70.00,in_stock,gw-104d-type-c-to-type-c-cable
GW-107A USB to iPhone Cable,Cables,80.00,in_stock,gw-107a-usb-to-iphone-cable
GW-107B USB to Type-C Cable,Cables,80.00,in_stock,gw-107b-usb-to-type-c-cable
GW-107C Type-C to iPhone Cable,Cables,100.00,in_stock,gw-107c-type-c-to-iphone-cable
GW-107D Type-C to Type-C Cable,Cables,80.00,in_stock,gw-107d-type-c-to-type-c-cable
GW-151 3-in-1 Charging Cable,Cables,110.00,in_stock,gw-151-3-in-1-charging-cable
GW-180 3-in-1 Charging Cable,Cables,150.00,in_stock,gw-180-3-in-1-charging-cable
GW-195A USB to iPhone Cable,Cables,40.00,in_stock,gw-195a-usb-to-iphone-cable
GW-195B USB to Type-C Cable,Cables,40.00,in_stock,gw-195b-usb-to-type-c-cable
GW-195C Type-C to iPhone Cable,Cables,55.00,in_stock,gw-195c-type-c-to-iphone-cable
GW-195D Type-C to Type-C Cable,Cables,50.00,in_stock,gw-195d-type-c-to-type-c-cable
G-119 USB + Type-C + Lightning Charger,Chargers,160.00,in_stock,g-119-usb-type-c-lightning-charger
GW-154 USB Charger,Chargers,55.00,in_stock,gw-154-usb-charger
GW-163 Type-C Charger,Chargers,80.00,in_stock,gw-163-type-c-charger
RJ TIANYE 12V INTELLIGENT PULSE REPAIR CHARGER -NG-146,Chargers,450.00,in_stock,rj-tianye-12v-intelligent-pulse-repair-charger-ng-146
10cm Ashtray,Household,20.00,in_stock,10cm-ashtray
12cm Ashtray,Household,25.00,in_stock,12cm-ashtray
180 Degree Clip Fan 220V,Household,410.00,in_stock,180-degree-clip-fan-220v
5-Hole Air Cooler Fan,Household,220.00,in_stock,5-hole-air-cooler-fan
6826A Mini Fan,Household,80.00,in_stock,6826a-mini-fan
9L Air Conditioner Fan,Household,2100.00,in_stock,9l-air-conditioner-fan
A30 Portable Air Cooler 9L,Household,1960.00,in_stock,a30-portable-air-cooler-9l
Air Conditioner 30L,Household,7840.00,in_stock,air-conditioner-30l
C15-20-1 Duster Cloth,Household,17.00,in_stock,c15-20-1-duster-cloth
C15-20-12 Welcome Floor Mat,Household,50.00,in_stock,c15-20-12-welcome-floor-mat
C15-20-13 English Text Floor Mat,Household,40.00,in_stock,c15-20-13-english-text-floor-mat
C15-20-14 English Text Floor Mat (variant),Household,35.00,in_stock,c15-20-14-english-text-floor-mat-variant
C15-20-2 Large Duster Cloth,Household,18.00,in_stock,c15-20-2-large-duster-cloth
C15-20-3 Clothes Hanger,Household,35.00,in_stock,c15-20-3-clothes-hanger
C15-20-4 Large Clothes Hanger,Household,50.00,in_stock,c15-20-4-large-clothes-hanger
C15-20-7 Toilet Brush with Holder,Household,30.00,in_stock,c15-20-7-toilet-brush-with-holder
C15-20-8 Scouring Ball,Household,18.00,in_stock,c15-20-8-scouring-ball
C15-24-11 Dorco Kid's Toothbrush Pack,Household,180.00,in_stock,c15-24-11-dorco-kids-toothbrush-pack
C15-24-12 Alan Children's Toothbrush 12-Pack,Household,180.00,in_stock,c15-24-12-alan-childrens-toothbrush-12-pack
C15-24-2 12-Pack Toothbrush Good Corona,Household,35.00,in_stock,c15-24-2-12-pack-toothbrush-good-corona
C15-24-4 12-Pack Abao Toothbrush,Household,50.00,in_stock,c15-24-4-12-pack-abao-toothbrush
C15-24-42 Electric Mosquito Liquid Set with 2 Refills 0482-B2,Household,75.00,in_stock,c15-24-42-electric-mosquito-liquid-set-with-2-refills-0482-b2
C15-24-6 30-Pack Sanfeng Toothbrush,Household,110.00,in_stock,c15-24-6-30-pack-sanfeng-toothbrush
C15-25-10 Paper Mosquito Coil,Household,20.00,in_stock,c15-25-10-paper-mosquito-coil
C15-25-11 Mosquito Coil Tray (Plastic),Household,8.00,in_stock,c15-25-11-mosquito-coil-tray-plastic
C15-25-12 Mosquito Coil Tray (Metal Decorative),Household,20.00,in_stock,c15-25-12-mosquito-coil-tray-metal-decorative
C15-25-13 Blue Toilet Bubble Cleaner 4-Pack,Household,20.00,in_stock,c15-25-13-blue-toilet-bubble-cleaner-4-pack
C15-25-14 Blue Toilet Bubble Cleaner 2-Pack,Household,10.00,in_stock,c15-25-14-blue-toilet-bubble-cleaner-2-pack
C15-25-15 Fly Glue Board,Household,5.00,in_stock,c15-25-15-fly-glue-board
C15-25-16 Cockroach Killing Bait Powder,Household,110.00,in_stock,c15-25-16-cockroach-killing-bait-powder
C15-25-17 Ant Killing Bait Powder,Household,110.00,in_stock,c15-25-17-ant-killing-bait-powder
C15-25-18 Camphor Pearl Balls 100g,Household,14.00,in_stock,c15-25-18-camphor-pearl-balls-100g
C15-25-41 Fly Catch Trap Ribbons 4-Pack,Household,13.00,in_stock,c15-25-41-fly-catch-trap-ribbons-4-pack
C15-25-42 Dual-Use Mosquito Coil 0482-B2 (National Standard),Household,75.00,in_stock,c15-25-42-dual-use-mosquito-coil-0482-b2-national-standard
C15-25-43 Electric Mosquito Liquid Set with 1 Refill 482-B1,Household,58.00,in_stock,c15-25-43-electric-mosquito-liquid-set-with-1-refill-482-b1
C15-25-44 Mosquito Repellent Liquid Refill 2540,Household,25.00,in_stock,c15-25-44-mosquito-repellent-liquid-refill-2540
C15-25-45 Electric Mosquito Liquid Refill 60 Nights,Household,24.00,in_stock,c15-25-45-electric-mosquito-liquid-refill-60-nights
C15-25-7 Mouse & Rat Glue Trap Board 70g,Household,10.00,in_stock,c15-25-7-mouse-rat-glue-trap-board-70g
C15-25-8 CT Large Mosquito Coil,Household,20.00,in_stock,c15-25-8-ct-large-mosquito-coil
C15-25-9 CT Small Mosquito Coil,Household,18.00,in_stock,c15-25-9-ct-small-mosquito-coil
C15-32-1 Yaodongbang Fresh-Scented Cleaning Wipes,Household,20.00,in_stock,c15-32-1-yaodongbang-fresh-scented-cleaning-wipes
C15-32-2 Baby Tender Baby Wipes,Household,20.00,in_stock,c15-32-2-baby-tender-baby-wipes
C15-34-10 XYJ-30 Stainless Steel Clothes Pegs 30-Pack,Household,25.00,in_stock,c15-34-10-xyj-30-stainless-steel-clothes-pegs-30-pack
C15-34-11 CY12CM Stainless Steel Clothes Clips,Household,30.00,in_stock,c15-34-11-cy12cm-stainless-steel-clothes-clips
C15-34-3 G428 Flat Plastic Scrubbing Brush,Household,8.00,in_stock,c15-34-3-g428-flat-plastic-scrubbing-brush
C15-34-4 G400 Plastic Household Brush,Household,10.00,in_stock,c15-34-4-g400-plastic-household-brush
C15-34-5 T428 Wooden Scrubbing Brush,Household,8.00,in_stock,c15-34-5-t428-wooden-scrubbing-brush
C15-34-6 Small 400 Compact Wooden Brush,Household,8.00,in_stock,c15-34-6-small-400-compact-wooden-brush
C15-42-60 Branch Pruning Scissors,Household,80.00,in_stock,c15-42-60-branch-pruning-scissors
DD5007(M11) Mini Fan,Household,90.00,in_stock,dd5007m11-mini-fan
FP1528B Mini Fan,Household,100.00,in_stock,fp1528b-mini-fan
FQ1522 Mini Fan,Household,75.00,in_stock,fq1522-mini-fan
H09 Humidifier,Household,90.00,in_stock,h09-humidifier
HK59 Mini Fan,Household,65.00,in_stock,hk59-mini-fan
HK59-20A Mini Fan,Household,55.00,in_stock,hk59-20a-mini-fan
HK59-21B Mini Fan,Household,75.00,in_stock,hk59-21b-mini-fan
HX-Z1 Mini Fan,Household,110.00,in_stock,hx-z1-mini-fan
HX103 Mini Fan,Household,75.00,in_stock,hx103-mini-fan
JB103 Mini Fan,Household,75.00,in_stock,jb103-mini-fan
JL8818 Mini Fan,Household,55.00,in_stock,jl8818-mini-fan
LP501 Mini Fan,Household,60.00,in_stock,lp501-mini-fan
LP5101 Mini Fan,Household,60.00,in_stock,lp5101-mini-fan
LP512 Mini Fan,Household,60.00,in_stock,lp512-mini-fan
LP551 Mini Fan,Household,55.00,in_stock,lp551-mini-fan
MINI139 Mini Fan,Household,60.00,in_stock,mini139-mini-fan
MJ127 Mini Fan,Household,70.00,in_stock,mj127-mini-fan
Oversize Handheld Mini Fan,Household,70.00,in_stock,oversize-handheld-mini-fan
SK59 Mini Fan,Household,65.00,in_stock,sk59-mini-fan
SQ612 Handheld Mini Fan,Household,25.00,in_stock,sq612-handheld-mini-fan
SQ7777 Mini Fan,Household,80.00,in_stock,sq7777-mini-fan
SQ7777-2 Mini Fan,Household,80.00,in_stock,sq7777-2-mini-fan
ZB088 Mini Fan,Household,65.00,in_stock,zb088-mini-fan
ZB088B Mini Fan,Household,60.00,in_stock,zb088b-mini-fan
0130-10 32cm Granite Wok,Kitchen,150.00,in_stock,0130-10-32cm-granite-wok
0130-11 Gold Line 10-Piece Cookware Set,Kitchen,490.00,in_stock,0130-11-gold-line-10-piece-cookware-set
0130-12 4-Piece Diamond Soup Pot Set,Kitchen,460.00,in_stock,0130-12-4-piece-diamond-soup-pot-set
0130-13 6-Piece Stainless Steel Pot Set,Kitchen,460.00,in_stock,0130-13-6-piece-stainless-steel-pot-set
0130-14 Export 10-Piece Gold Handle Cookware Set,Kitchen,600.00,in_stock,0130-14-export-10-piece-gold-handle-cookware-set
0130-15 Colorful 13-Piece Cookware Set,Kitchen,410.00,in_stock,0130-15-colorful-13-piece-cookware-set
0130-16 13-Piece Non-Stick Cookware Set,Kitchen,320.00,in_stock,0130-16-13-piece-non-stick-cookware-set
0130-17 6-Piece Iron Soup Pot Set,Kitchen,480.00,in_stock,0130-17-6-piece-iron-soup-pot-set
0130-7 13-Piece Non-Stick Pot Set,Kitchen,360.00,in_stock,0130-7-13-piece-non-stick-pot-set
0130-8 8-Piece Marble Soup Pot Set,Kitchen,810.00,in_stock,0130-8-8-piece-marble-soup-pot-set
0130-9 32cm Stainless Steel Wok,Kitchen,380.00,in_stock,0130-9-32cm-stainless-steel-wok
0144-13 SCF Silver Knife 6-Pack,Kitchen,50.00,in_stock,0144-13-scf-silver-knife-6-pack
0144-14 SCF Gold Knife 6-Pack,Kitchen,110.00,in_stock,0144-14-scf-gold-knife-6-pack
20cm Wood Handle Strainer,Kitchen,100.00,in_stock,20cm-wood-handle-strainer
22# 6-Piece Knife Box Set,Kitchen,100.00,in_stock,22-6-piece-knife-box-set
25cm Wire Mesh Basket,Kitchen,55.00,in_stock,25cm-wire-mesh-basket
3-Piece Two-Colour Knife Set,Kitchen,35.00,in_stock,3-piece-two-colour-knife-set
8269S2 4-Sided Grater 9-Inch,Kitchen,50.00,in_stock,8269s2-4-sided-grater-9-inch
8359S2 6-Sided Grater 9-Inch,Kitchen,70.00,in_stock,8359s2-6-sided-grater-9-inch
A16 Portable Juicer,Kitchen,190.00,in_stock,a16-portable-juicer
AJM8853 Vegetable Grater,Kitchen,35.00,in_stock,ajm8853-vegetable-grater
BM Plastic-Edge Round Grater,Kitchen,20.00,in_stock,bm-plastic-edge-round-grater
C-110 Plastic Handle Cleaver,Kitchen,55.00,in_stock,c-110-plastic-handle-cleaver
C15-20-10 Bamboo Skewers 15cm,Kitchen,7.00,in_stock,c15-20-10-bamboo-skewers-15cm
C15-20-11 Bamboo Skewers 30cm,Kitchen,13.00,in_stock,c15-20-11-bamboo-skewers-30cm
C15-20-9 Bamboo Skewers 20cm,Kitchen,8.00,in_stock,c15-20-9-bamboo-skewers-20cm
C15-42-16 Jia Yuan 2-Piece Knife + Sharpening Rod,Kitchen,80.00,in_stock,c15-42-16-jia-yuan-2-piece-knife-sharpening-rod
C15-42-17 LD11-1 8-Inch Chef Knife,Kitchen,40.00,in_stock,c15-42-17-ld11-1-8-inch-chef-knife
C15-42-19 LD-11-5K 7.5-Inch Round-Hole Knife,Kitchen,40.00,in_stock,c15-42-19-ld-11-5k-75-inch-round-hole-knife
C15-42-2 JY-K34 3-Piece Knife Set,Kitchen,130.00,in_stock,c15-42-2-jy-k34-3-piece-knife-set
C15-42-20 LD11-6 7.5-Inch Flat Cleaver,Kitchen,40.00,in_stock,c15-42-20-ld11-6-75-inch-flat-cleaver
C15-42-21 Stainless Steel Oil Grid 3-Piece,Kitchen,35.00,in_stock,c15-42-21-stainless-steel-oil-grid-3-piece
C15-42-24 Steak Knife Set J622 6-Piece,Kitchen,45.00,in_stock,c15-42-24-steak-knife-set-j622-6-piece
C15-42-28 Stainless Steel Wire Grater,Kitchen,20.00,in_stock,c15-42-28-stainless-steel-wire-grater
C15-42-32 9-Inch Square Heart Clip,Kitchen,35.00,in_stock,c15-42-32-9-inch-square-heart-clip
C15-42-34 Scraper Blade,Kitchen,20.00,in_stock,c15-42-34-scraper-blade
C15-42-35 Bottle Opener,Kitchen,60.00,in_stock,c15-42-35-bottle-opener
C15-42-36 Kitchen Scissors 024,Kitchen,20.00,in_stock,c15-42-36-kitchen-scissors-024
C15-42-37 Kitchen Scissors 038,Kitchen,25.00,in_stock,c15-42-37-kitchen-scissors-038
C15-42-39 Strong Scissors D-54,Kitchen,55.00,in_stock,c15-42-39-strong-scissors-d-54
C15-42-42 Black Knife Set 6-Piece,Kitchen,100.00,in_stock,c15-42-42-black-knife-set-6-piece
C15-42-43 BK816 Star Bo Knife Set 8-Piece,Kitchen,310.00,in_stock,c15-42-43-bk816-star-bo-knife-set-8-piece
C15-42-44 18cm Wood Handle Strainer,Kitchen,55.00,in_stock,c15-42-44-18cm-wood-handle-strainer
C15-42-53 Plane Cutter 802611,Kitchen,60.00,in_stock,c15-42-53-plane-cutter-802611
C15-42-56 Pizza Cutter,Kitchen,25.00,in_stock,c15-42-56-pizza-cutter
C15-42-58 Black Angled Spatula,Kitchen,30.00,in_stock,c15-42-58-black-angled-spatula
C15-42-59 Stainless Steel 4-in-1 Bottle Opener,Kitchen,30.00,in_stock,c15-42-59-stainless-steel-4-in-1-bottle-opener
C15-44-1 KZH Stainless Steel Spoon 12-Pack,Kitchen,30.00,in_stock,c15-44-1-kzh-stainless-steel-spoon-12-pack
C15-44-2 KZH Stainless Steel Fork 12-Pack,Kitchen,30.00,in_stock,c15-44-2-kzh-stainless-steel-fork-12-pack
C15-44-3 KZH Stainless Steel Knife 12-Pack,Kitchen,60.00,in_stock,c15-44-3-kzh-stainless-steel-knife-12-pack
C15-44-5 SCF Spoon 6-Pack,Kitchen,40.00,in_stock,c15-44-5-scf-spoon-6-pack
C15-44-6 SCF Fork 6-Pack,Kitchen,40.00,in_stock,c15-44-6-scf-fork-6-pack
C15-44-7 SCF Gold Spoon 6-Pack,Kitchen,40.00,in_stock,c15-44-7-scf-gold-spoon-6-pack
C15-44-8 SCF Gold Fork 6-Pack,Kitchen,40.00,in_stock,c15-44-8-scf-gold-fork-6-pack
C15-47-1 Pumpkin Bowl 4.5-Inch,Kitchen,14.00,in_stock,c15-47-1-pumpkin-bowl-45-inch
C15-47-10 Bowl 8-Pearl-Dot,Kitchen,35.00,in_stock,c15-47-10-bowl-8-pearl-dot
C15-47-11 Printed Fruit Plate,Kitchen,35.00,in_stock,c15-47-11-printed-fruit-plate
C15-47-12 Bowl 7-Inch Aviation Style,Kitchen,20.00,in_stock,c15-47-12-bowl-7-inch-aviation-style
C15-47-13 Bowl 6-Inch Deep,Kitchen,20.00,in_stock,c15-47-13-bowl-6-inch-deep
C15-47-14 Plate 10-Inch Embossed,Kitchen,35.00,in_stock,c15-47-14-plate-10-inch-embossed
C15-47-15 Large Bullet Cup,Kitchen,25.00,in_stock,c15-47-15-large-bullet-cup
C15-47-16 Small Bullet Cup,Kitchen,20.00,in_stock,c15-47-16-small-bullet-cup
C15-47-17 16-Piece Stoneware Dinnerware Set,Kitchen,670.00,in_stock,c15-47-17-16-piece-stoneware-dinnerware-set
C15-47-18 White Cup Set 48-Pack,Kitchen,30.00,in_stock,c15-47-18-white-cup-set-48-pack
C15-47-19 White Cup Set 48-Pack (variant),Kitchen,30.00,in_stock,c15-47-19-white-cup-set-48-pack-variant
C15-47-2 Pumpkin Bowl Medium,Kitchen,17.00,in_stock,c15-47-2-pumpkin-bowl-medium
C15-47-20 Gold-Rim Cup,Kitchen,30.00,in_stock,c15-47-20-gold-rim-cup
C15-47-21 Colored Glaze Cup,Kitchen,25.00,in_stock,c15-47-21-colored-glaze-cup
C15-47-23 Ceramic Cup,Kitchen,30.00,in_stock,c15-47-23-ceramic-cup
C15-47-24 Fired Glaze Cup,Kitchen,30.00,in_stock,c15-47-24-fired-glaze-cup
C15-47-25 Fired Glaze Cup (variant),Kitchen,30.00,in_stock,c15-47-25-fired-glaze-cup-variant
C15-47-26 Fired Glaze Cup RX-6,Kitchen,30.00,in_stock,c15-47-26-fired-glaze-cup-rx-6
C15-47-27 Ceramic Cup (large),Kitchen,35.00,in_stock,c15-47-27-ceramic-cup-large
C15-47-28 Hand-Painted Plate,Kitchen,30.00,in_stock,c15-47-28-hand-painted-plate
C15-47-29 Double-Plate Set 10.5-Inch,Kitchen,30.00,in_stock,c15-47-29-double-plate-set-105-inch
C15-47-3 Ceramic Bowl,Kitchen,15.00,in_stock,c15-47-3-ceramic-bowl
C15-47-4 Pearl-Dot Bowl 6-Piece Design,Kitchen,35.00,in_stock,c15-47-4-pearl-dot-bowl-6-piece-design
C15-47-5 Bowl 7-Inch Black-Edge,Kitchen,40.00,in_stock,c15-47-5-bowl-7-inch-black-edge
C15-47-6 Bowl 9.5-Inch,Kitchen,100.00,in_stock,c15-47-6-bowl-95-inch
C15-47-7 Dish 8-Pearl-Dot,Kitchen,20.00,in_stock,c15-47-7-dish-8-pearl-dot
C15-47-8 Pumpkin Bowl Medium-Large,Kitchen,40.00,in_stock,c15-47-8-pumpkin-bowl-medium-large
C15-47-9 Bowl 9-Pearl-Dot,Kitchen,40.00,in_stock,c15-47-9-bowl-9-pearl-dot
C16-21-11 3-Piece GH5373 Diamond Water Bottle Set,Kitchen,160.00,in_stock,c16-21-11-3-piece-gh5373-diamond-water-bottle-set
C16-21-12 GH69958 Vacuum Coffee Cup,Kitchen,110.00,in_stock,c16-21-12-gh69958-vacuum-coffee-cup
C16-21-13 GH699781 Car Cup,Kitchen,180.00,in_stock,c16-21-13-gh699781-car-cup
C16-21-14 Black Car Cup,Kitchen,180.00,in_stock,c16-21-14-black-car-cup
C16-21-15 White Car Cup,Kitchen,180.00,in_stock,c16-21-15-white-car-cup
C16-21-16 900ml Handle Cup,Kitchen,140.00,in_stock,c16-21-16-900ml-handle-cup
C16-21-17 800ml Sport Bottle,Kitchen,150.00,in_stock,c16-21-17-800ml-sport-bottle
C16-21-18 1000ml Sport Bottle,Kitchen,160.00,in_stock,c16-21-18-1000ml-sport-bottle
C16-21-4 Happy Every Day Water Bottle,Kitchen,90.00,in_stock,c16-21-4-happy-every-day-water-bottle
C16-21-5 Luck Bear Cup,Kitchen,75.00,in_stock,c16-21-5-luck-bear-cup
C16-21-7 GF095 Water Bottle,Kitchen,50.00,in_stock,c16-21-7-gf095-water-bottle
C16-21-8 GF094 Water Bottle,Kitchen,50.00,in_stock,c16-21-8-gf094-water-bottle
C5-31-1 Melamine Dessert Spoon with Floral Pattern,Kitchen,7.00,in_stock,c5-31-1-melamine-dessert-spoon-with-floral-pattern
C5-31-10 8-Inch Melamine Plate with Purple Floral Print,Kitchen,14.00,in_stock,c5-31-10-8-inch-melamine-plate-with-purple-floral-print
C5-31-11 8-Inch Melamine Plate with Scalloped Edge,Kitchen,14.00,in_stock,c5-31-11-8-inch-melamine-plate-with-scalloped-edge
C5-31-12 8-Inch Melamine Plate with Gold and Red Band,Kitchen,14.00,in_stock,c5-31-12-8-inch-melamine-plate-with-gold-and-red-band
C5-31-13 9-Inch Melamine Plate with Blue Chinoiserie Pattern,Kitchen,25.00,in_stock,c5-31-13-9-inch-melamine-plate-with-blue-chinoiserie-pattern
C5-31-14 11-Inch Deep Melamine Serving Plate with Blue Floral,Kitchen,35.00,in_stock,c5-31-14-11-inch-deep-melamine-serving-plate-with-blue-floral
C5-31-15 11-Inch Deep Melamine Serving Plate with Lily Design,Kitchen,28.00,in_stock,c5-31-15-11-inch-deep-melamine-serving-plate-with-lily-design
C5-31-16 14-Inch Oval Melamine Serving Tray,Kitchen,25.00,in_stock,c5-31-16-14-inch-oval-melamine-serving-tray
C5-31-17 16-Inch Large Oval Melamine Serving Tray,Kitchen,35.00,in_stock,c5-31-17-16-inch-large-oval-melamine-serving-tray
C5-31-2 Melamine Ladle with Floral Pattern,Kitchen,11.00,in_stock,c5-31-2-melamine-ladle-with-floral-pattern
C5-31-3 6-Inch Melamine Ripple Bowl with Floral Pattern,Kitchen,10.00,in_stock,c5-31-3-6-inch-melamine-ripple-bowl-with-floral-pattern
C5-31-4 8-Inch Melamine Ripple Bowl with Floral Pattern,Kitchen,17.00,in_stock,c5-31-4-8-inch-melamine-ripple-bowl-with-floral-pattern
C5-31-5 9-Inch Large Melamine Ripple Bowl with Floral Pattern,Kitchen,20.00,in_stock,c5-31-5-9-inch-large-melamine-ripple-bowl-with-floral-pattern
C5-31-8 12-Inch Oval Melamine Serving Plate,Kitchen,20.00,in_stock,c5-31-8-12-inch-oval-melamine-serving-plate
C5-31-9 8-Inch Melamine Bowl with Fruit Pattern,Kitchen,18.00,in_stock,c5-31-9-8-inch-melamine-bowl-with-fruit-pattern
CL-P303 3-Piece Kitchen Knife Set,Kitchen,100.00,in_stock,cl-p303-3-piece-kitchen-knife-set
ER-0238A Large Craft Steak Knife 6-Piece,Kitchen,180.00,in_stock,er-0238a-large-craft-steak-knife-6-piece
ER-0278 Mini Straw Box 6-Piece,Kitchen,85.00,in_stock,er-0278-mini-straw-box-6-piece
Fan-Handle 6-Piece Black Knife Set,Kitchen,210.00,in_stock,fan-handle-6-piece-black-knife-set
FE01 Solid Spatula Black Handle,Kitchen,35.00,in_stock,fe01-solid-spatula-black-handle
FE02 Slotted Spatula Black Handle,Kitchen,35.00,in_stock,fe02-slotted-spatula-black-handle
FE06 Soup Ladle Black Handle,Kitchen,35.00,in_stock,fe06-soup-ladle-black-handle
FE07 Strainer Ladle Black Handle,Kitchen,35.00,in_stock,fe07-strainer-ladle-black-handle
FE08 Pasta Strainer Ladle Black Handle,Kitchen,35.00,in_stock,fe08-pasta-strainer-ladle-black-handle
FE10 Egg Whisk Black Handle,Kitchen,35.00,in_stock,fe10-egg-whisk-black-handle
GF-7 Inch Japanese Gold-Spray Knife,Kitchen,55.00,in_stock,gf-7-inch-japanese-gold-spray-knife
GJ-313 Vegetable Grater,Kitchen,60.00,in_stock,gj-313-vegetable-grater
GW-8005 Super Hand Mixer,Kitchen,210.00,in_stock,gw-8005-super-hand-mixer
GW-8032 Electric Kettle,Kitchen,265.00,in_stock,gw-8032-electric-kettle
HT054-2 Wide-Rim Mesh Strainer,Kitchen,30.00,in_stock,ht054-2-wide-rim-mesh-strainer
JY-B24 Knife and Sharpening Rod Set,Kitchen,80.00,in_stock,jy-b24-knife-and-sharpening-rod-set
K-001 Black Handle Cleaver Blister Pack,Kitchen,80.00,in_stock,k-001-black-handle-cleaver-blister-pack
K-601 Orange Handle Cleaver Blister Pack,Kitchen,70.00,in_stock,k-601-orange-handle-cleaver-blister-pack
LD11-2 8-Inch Meat Cleaver,Kitchen,40.00,in_stock,ld11-2-8-inch-meat-cleaver
LS2B Fork Small Knife Set,Kitchen,35.00,in_stock,ls2b-fork-small-knife-set
LXG410 10-Inch Plum Blossom Tongs,Kitchen,15.00,in_stock,lxg410-10-inch-plum-blossom-tongs
LXG410 12-Inch Plum Blossom Tongs,Kitchen,17.00,in_stock,lxg410-12-inch-plum-blossom-tongs
M06-41 U-Type Ginger Grater,Kitchen,35.00,in_stock,m06-41-u-type-ginger-grater
MYD6603 Vegetable Grater,Kitchen,15.00,in_stock,myd6603-vegetable-grater
MYD6637 Vegetable Grater,Kitchen,17.00,in_stock,myd6637-vegetable-grater
SG-9200 Knife Set,Kitchen,200.00,in_stock,sg-9200-knife-set
Small Garlic Mortar Set,Kitchen,40.00,in_stock,small-garlic-mortar-set
T-013 Wood Base 8-Piece Knife Block Set,Kitchen,310.00,in_stock,t-013-wood-base-8-piece-knife-block-set
TA-201 Kitchen Spatula,Kitchen,20.00,in_stock,ta-201-kitchen-spatula
USB Mini Food Processor,Kitchen,130.00,in_stock,usb-mini-food-processor
WL-264 36cm Dish Rack,Kitchen,260.00,in_stock,wl-264-36cm-dish-rack
XB2022#D10 Egg Tongs 10-Inch,Kitchen,30.00,in_stock,xb2022d10-egg-tongs-10-inch
YB-209 Vegetable Grater,Kitchen,14.00,in_stock,yb-209-vegetable-grater
G-134 Power Bank 10000MAH,Power Banks,380.00,in_stock,g-134-power-bank-10000mah
GW Power Bank 10000MAH,Power Banks,320.00,in_stock,gw-power-bank-10000mah
GW Power Bank Wireless 5000MAH,Power Banks,180.00,in_stock,gw-power-bank-wireless-5000mah
GW-139 Power Bank 10000MAH,Power Banks,280.00,in_stock,gw-139-power-bank-10000mah
KX025 Power Bank 10000MAH,Power Banks,220.00,in_stock,kx025-power-bank-10000mah
PHONE Smart Watch with SIM Card,Smartwatches,730.00,in_stock,phone-smart-watch-with-sim-card
SU U9 Mini Ultra Smart Watch,Smartwatches,660.00,in_stock,su-u9-mini-ultra-smart-watch
SU U9 Ultra Smart Watch,Smartwatches,780.00,in_stock,su-u9-ultra-smart-watch
T500 FitPro Smart Watch,Smartwatches,170.00,in_stock,t500-fitpro-smart-watch
T800 Ultra2 Smart Watch,Smartwatches,200.00,in_stock,t800-ultra2-smart-watch
T900 Smart Watch,Smartwatches,200.00,in_stock,t900-smart-watch
T900 USmart Watch,Smartwatches,265.00,in_stock,t900-usmart-watch
WATCH10 2.01-Inch Smart Watch,Smartwatches,450.00,in_stock,watch10-201-inch-smart-watch
X10 Ultra3 Smart Watch,Smartwatches,200.00,in_stock,x10-ultra3-smart-watch
C15-25-26 Electrical Insulation Tape 20-Yard,Tools,110.00,in_stock,c15-25-26-electrical-insulation-tape-20-yard
C15-25-27 Electrical Insulation Tape 10-Yard,Tools,55.00,in_stock,c15-25-27-electrical-insulation-tape-10-yard
C15-25-28 Electrical Insulation Tape 5-Yard,Tools,42.00,in_stock,c15-25-28-electrical-insulation-tape-5-yard
C15-25-29 AB Epoxy Glue 10g,Tools,16.00,in_stock,c15-25-29-ab-epoxy-glue-10g
C15-25-30 Universal Contact Cement Glue,Tools,16.00,in_stock,c15-25-30-universal-contact-cement-glue
C15-25-31 Super Glue 12-Pack,Tools,30.00,in_stock,c15-25-31-super-glue-12-pack
C15-25-32 Thin Hot Glue Sticks 10-Pack 7mm,Tools,18.00,in_stock,c15-25-32-thin-hot-glue-sticks-10-pack-7mm
C15-25-33 Thick Hot Glue Sticks 5-Pack 11mm,Tools,22.00,in_stock,c15-25-33-thick-hot-glue-sticks-5-pack-11mm
C15-25-34 Waterproof Flashing Tape 5m x 5cm,Tools,60.00,in_stock,c15-25-34-waterproof-flashing-tape-5m-x-5cm
C15-25-35 Waterproof Flashing Tape 10m x 5cm,Tools,95.00,in_stock,c15-25-35-waterproof-flashing-tape-10m-x-5cm
C15-36-28 60mm Zhoushi Gold Padlock,Tools,40.00,in_stock,c15-36-28-60mm-zhoushi-gold-padlock
C15-36-35 50mm Dikas D60 Silver Padlock,Tools,85.00,in_stock,c15-36-35-50mm-dikas-d60-silver-padlock
C15-36-36 60mm Dikas D60 Silver Padlock,Tools,90.00,in_stock,c15-36-36-60mm-dikas-d60-silver-padlock
C15-36-37 70mm Dikas D70 Silver Padlock,Tools,110.00,in_stock,c15-36-37-70mm-dikas-d70-silver-padlock
C15-36-5 Baglock Dik Arc-Shell Padlock 12-Pack,Tools,170.00,in_stock,c15-36-5-baglock-dik-arc-shell-padlock-12-pack
C15-37-1 Cutting Blade 1.1-Inch,Tools,8.00,in_stock,c15-37-1-cutting-blade-11-inch
C15-37-10 Wood Cutting Disc 40T GL23010,Tools,90.00,in_stock,c15-37-10-wood-cutting-disc-40t-gl23010
C15-37-11 Wood Cutting Disc 30T GL18010,Tools,65.00,in_stock,c15-37-11-wood-cutting-disc-30t-gl18010
C15-37-12 Diamond Disc 30T 115mm GL11510,Tools,40.00,in_stock,c15-37-12-diamond-disc-30t-115mm-gl11510
C15-37-13 Diamond Disc 115mm GL11520,Tools,40.00,in_stock,c15-37-13-diamond-disc-115mm-gl11520
C15-37-14 Diamond Disc 180mm GL18020,Tools,90.00,in_stock,c15-37-14-diamond-disc-180mm-gl18020
C15-37-15 Diamond Disc 230mm GL23020,Tools,130.00,in_stock,c15-37-15-diamond-disc-230mm-gl23020
C15-37-2 Cutting Blade 4.5-Inch 180mm,Tools,25.00,in_stock,c15-37-2-cutting-blade-45-inch-180mm
C15-37-3 Cutting Blade 4.5-Inch 230mm,Tools,30.00,in_stock,c15-37-3-cutting-blade-45-inch-230mm
C15-37-4 Sandpaper #60 Grit,Tools,3.00,in_stock,c15-37-4-sandpaper-60-grit
C15-37-5 Sandpaper #80 Grit,Tools,3.00,in_stock,c15-37-5-sandpaper-80-grit
C15-37-6 Sandpaper #120 Grit,Tools,3.00,in_stock,c15-37-6-sandpaper-120-grit
C15-37-7 Abrasive Cloth #120 Grit,Tools,5.00,in_stock,c15-37-7-abrasive-cloth-120-grit
C15-37-8 Abrasive Cloth #100 Grit,Tools,6.00,in_stock,c15-37-8-abrasive-cloth-100-grit
C15-37-9 Abrasive Cloth #80 Grit,Tools,7.00,in_stock,c15-37-9-abrasive-cloth-80-grit
C15-40-100 Professional Fold Tool Set,Tools,1820.00,in_stock,c15-40-100-professional-fold-tool-set
C15-40-3 Spray Gun 4-Piece Set,Tools,80.00,in_stock,c15-40-3-spray-gun-4-piece-set
C15-40-39 4x300mm Black Cable Ties Pack,Tools,25.00,in_stock,c15-40-39-4x300mm-black-cable-ties-pack
C15-40-69 3-Piece Adjustable Wrench Set,Tools,250.00,in_stock,c15-40-69-3-piece-adjustable-wrench-set
C16-40-101 4x400mm Black Cable Ties Pack,Tools,35.00,in_stock,c16-40-101-4x400mm-black-cable-ties-pack
C16-40-102 4x500mm Black Cable Ties Pack,Tools,45.00,in_stock,c16-40-102-4x500mm-black-cable-ties-pack
C16-40-103 115-Piece Screwdriver Set,Tools,120.00,in_stock,c16-40-103-115-piece-screwdriver-set
C16-40-32 6-Piece Professional Wrench Set,Tools,110.00,in_stock,c16-40-32-6-piece-professional-wrench-set
C16-40-38 4x200mm Black Cable Ties Pack,Tools,17.00,in_stock,c16-40-38-4x200mm-black-cable-ties-pack
C16-40-75 Electric Soldering Iron,Tools,45.00,in_stock,c16-40-75-electric-soldering-iron
C16-40-97 46-Piece Socket Tool Set,Tools,130.00,in_stock,c16-40-97-46-piece-socket-tool-set
